https://idol-gakuen.jp/item/18637/,高嶋香帆,1992年1月20日,2012年01月27日,20
https://idol-gakuen.jp/item/18636/,大貫彩香,1992年10月1日,2012年01月27日,19
https://idol-gakuen.jp/item/18635/,佐々木心音,1990年5月22日,2012年02月24日,21
https://idol-gakuen.jp/item/18633/,森田涼花,1992年9月7日,2012年02月24日,19
https://idol-gakuen.jp/item/18632/,澤山璃奈,1988年10月13日,2012年03月23日,23
https://idol-gakuen.jp/item/18628/,足立梨花,1992年10月16日,2012年04月20日,19
https://idol-gakuen.jp/item/18631/,足立梨花,1992年10月16日,2012年04月20日,19
https://idol-gakuen.jp/item/16394/,吉木りさ,1987年7月27日,2012年05月25日,24
https://idol-gakuen.jp/item/16396/,吉木りさ,1987年7月27日,2012年05月25日,24
https://idol-gakuen.jp/item/16397/,今野杏南,1989年6月15日,2012年06月22日,23
https://idol-gakuen.jp/item/16399/,岸明日香,1991年4月11日,2012年07月20日,21
https://idol-gakuen.jp/item/16400/,葉加瀬マイ,1987年3月25日,2012年07月20日,25
https://idol-gakuen.jp/item/13930/,亜里沙,1989年3月2日,2012年08月31日,23
https://idol-gakuen.jp/item/13931/,橋本マナミ,1984年8月8日,2012年08月31日,28
https://idol-gakuen.jp/item/13932/,永井里菜,1992年10月19日,2012年08月31日,19
https://idol-gakuen.jp/item/2866/,秋本翼,1991年11月11日,2012年09月21日,20
https://idol-gakuen.jp/item/13928/,原幹恵,1987年7月3日,2012年09月21日,25
https://idol-gakuen.jp/item/13929/,森香奈江,1990年3月22日,2012年09月21日,22
https://idol-gakuen.jp/item/13925/,中村静香,1989年9月9日,2012年09月21日,23
https://idol-gakuen.jp/item/11441/,西田麻衣,1989年3月23日,2012年10月26日,23
https://idol-gakuen.jp/item/11438/,杉原杏璃,1982年6月12日,2012年10月26日,30
https://idol-gakuen.jp/item/11439/,辻本杏,1993年12月23日,2012年10月26日,18
https://idol-gakuen.jp/item/11442/,市川みき,1989年6月15日,2012年11月24日,23
https://idol-gakuen.jp/item/11443/,よしのひろこ,1981年12月26日,2012年11月24日,30
https://idol-gakuen.jp/item/11444/,佐山彩香,1993年5月17日,2012年11月24日,19
https://idol-gakuen.jp/item/11446/,大竹愛子,1994年3月10日,2012年11月24日,18
https://idol-gakuen.jp/item/11448/,遠野千夏,1988年6月19日,2012年11月24日,24
https://idol-gakuen.jp/item/11447/,未莉,1987年1月8日,2012年11月24日,25
https://idol-gakuen.jp/item/11453/,亜里沙,1989年3月2日,2012年12月21日,23
https://idol-gakuen.jp/item/11452/,千明芸夢,1993年12月23日,2012年12月21日,18
https://idol-gakuen.jp/item/11451/,江頭ひなた,1983年11月3日,2012年12月21日,29
https://idol-gakuen.jp/item/11450/,伊藤優衣,1994年4月26日,2012年12月21日,18
https://idol-gakuen.jp/item/11449/,荒木奈々,1990年10月8日,2012年12月21日,22
https://idol-gakuen.jp/item/10687/,伴杏里,1985年9月26日,2013年01月25日,27
https://idol-gakuen.jp/item/10684/,佐々木心音,1990年5月22日,2013年01月25日,22
https://idol-gakuen.jp/item/10688/,大塚梨恵,1992年12月3日,2013年01月25日,20
https://idol-gakuen.jp/item/10686/,桐山瑠衣,1991年1月15日,2013年01月25日,22
https://idol-gakuen.jp/item/8932/,池田愛恵里,1990年7月29日,2013年02月22日,22
https://idol-gakuen.jp/item/8930/,赤井沙希,1987年1月24日,2013年02月22日,26
https://idol-gakuen.jp/item/8927/,寺田有希,1989年4月21日,2013年02月22日,23
https://idol-gakuen.jp/item/8387/,瀬戸花,1991年5月26日,2013年03月22日,21
https://idol-gakuen.jp/item/8381/,原幹恵,1987年7月3日,2013年03月22日,25
https://idol-gakuen.jp/item/8384/,滝川綾,1987年1月11日,2013年03月22日,26
https://idol-gakuen.jp/item/8385/,神野千奈,1987年10月6日,2013年03月22日,25
https://idol-gakuen.jp/item/8388/,尻無浜冴美,1989年7月20日,2013年03月22日,23
https://idol-gakuen.jp/item/8389/,松岡沙奈,1991年9月6日,2013年03月22日,21
https://idol-gakuen.jp/item/7016/,彩木里彩,1989年7月12日,2013年04月26日,23
https://idol-gakuen.jp/item/7012/,安西玲奈,1994年3月10日,2013年04月26日,19
https://idol-gakuen.jp/item/7013/,森田芽生,1992年11月5日,2013年04月26日,20
https://idol-gakuen.jp/item/7010/,小柳歩,1991年8月20日,2013年04月26日,21
https://idol-gakuen.jp/item/7008/,鈴木ふみ奈,1990年7月5日,2013年04月26日,22
https://idol-gakuen.jp/item/7007/,麻倉みな,1989年12月8日,2013年04月26日,23
https://idol-gakuen.jp/item/7574/,藤森望,1993年4月24日,2013年05月24日,20
https://idol-gakuen.jp/item/7571/,藤元亜紗美,1986年10月20日,2013年05月24日,26
https://idol-gakuen.jp/item/7581/,滝ありさ,1987年3月11日,2013年05月24日,26
https://idol-gakuen.jp/item/7575/,清水みさと,1992年3月5日,2013年05月24日,21
https://idol-gakuen.jp/item/7577/,由井香織,1988年11月22日,2013年05月24日,24
https://idol-gakuen.jp/item/7573/,神定まお,1992年8月8日,2013年05月24日,20
https://idol-gakuen.jp/item/7578/,門倉まこ,1994年8月23日,2015年05月24日,20
https://idol-gakuen.jp/item/7576/,青木まりな,1992年9月29日,2013年05月24日,20
https://idol-gakuen.jp/item/7002/,柳井えれな,1994年12月14日,2013年06月21日,18
https://idol-gakuen.jp/item/6999/,冨手麻妙,1994年3月17日,2013年06月21日,19
https://idol-gakuen.jp/item/7004/,桜ハナ,1992年1月1日,2013年06月21日,21
https://idol-gakuen.jp/item/7001/,福滝りり,1992年12月27日,2013年06月21日,20
https://idol-gakuen.jp/item/6998/,高崎聖子,1993年5月13日,2013年06月21日,20
https://idol-gakuen.jp/item/7026/,彩木里紗,1989年7月12日,2013年07月26日,24
https://idol-gakuen.jp/item/7025/,佐藤衣里子,1990年6月25日,2013年07月26日,23
https://idol-gakuen.jp/item/7024/,小山夏希,1990年7月13日,2013年07月26日,23
https://idol-gakuen.jp/item/7023/,木嶋ゆり,1992年4月3日,2013年07月26日,21
https://idol-gakuen.jp/item/7022/,軽辺るか,1993年12月8日,2013年07月26日,19
https://idol-gakuen.jp/item/7018/,杉原杏漓,1982年6月12日,2013年07月26日,31
https://idol-gakuen.jp/item/7019/,清水あいり,1992年12月17日,2013年07月26日,20
https://idol-gakuen.jp/item/4261/,新城玲香,1994年10月5日,2013年08月30日,18
https://idol-gakuen.jp/item/4260/,亜里沙,1989年3月2日,2013年08月30日,24
https://idol-gakuen.jp/item/4259/,藤元亜紗美,1986年10月20日,2013年08月30日,26
https://idol-gakuen.jp/item/4256/,ヴァネッサ・パン,1991年7月19日,2013年08月30日,22
https://idol-gakuen.jp/item/4255/,湯川舞,1990年7月16日,2013年08月30日,23
https://idol-gakuen.jp/item/4253/,乙月まりあ,1992年3月15日,2013年08月30日,21
https://idol-gakuen.jp/item/4254/,楠本美紗,1992年9月17日,2013年08月30日,20
https://idol-gakuen.jp/item/3409/,長崎ちほみ,1990年1月25日,2013年09月27日,23
https://idol-gakuen.jp/item/3407/,佐々木麻衣,1988年10月20日,2013年09月27日,24
https://idol-gakuen.jp/item/3408/,土岐麻梨子,1988年4月14日,2013年09月27日,25
https://idol-gakuen.jp/item/3405/,森永らむ,1992年5月6日,2013年09月27日,21
https://idol-gakuen.jp/item/3400/,村上友梨,1992年11月7日,2013年09月27日,20
https://idol-gakuen.jp/item/3402/,森下まゆみ,1981年10月15日,2013年09月27日,31
https://idol-gakuen.jp/item/3403/,星咲くるみ,1991年5月29日,2013年09月27日,22
https://idol-gakuen.jp/item/3404/,山﨑登月,1991年11月11日,2013年09月27日,21
https://idol-gakuen.jp/item/3406/,喜屋武ちあき,1984年3月13日,2013年09月27日,29
https://idol-gakuen.jp/item/3180/,奏多ハルカ,1989年2月17日,2013年10月25日,24
https://idol-gakuen.jp/item/3179/,大湊衣里子,1987年2月11日,2013年10月25日,26
https://idol-gakuen.jp/item/3178/,森江朋美,1985年12月20日,2013年10月25日,27
https://idol-gakuen.jp/item/3177/,本山紗羅,1988年8月26日,2013年10月25日,25
https://idol-gakuen.jp/item/3056/,繭,1989年10月8日,2013年10月25日,24
https://idol-gakuen.jp/item/3175/,平野聡子,1993年9月17日,2013年10月25日,20
https://idol-gakuen.jp/item/2865/,糸山千恵,1990年5月9日,2013年11月22日,23
https://idol-gakuen.jp/item/2864/,大西颯季,1994年5月12日,2013年11月22日,19
https://idol-gakuen.jp/item/2863/,荒井つかさ,1994年11月29日,2013年11月22日,18
https://idol-gakuen.jp/item/2861/,岸明日香,1991年4月11日,2013年11月22日,22
https://idol-gakuen.jp/item/2860/,加藤美祐,1989年1月9日,2013年11月22日,24
https://idol-gakuen.jp/item/2673/,永井里菜,1992年10月19日,2013年12月20日,21
https://idol-gakuen.jp/item/2670/,松原静香,1988年4月8日,2013年12月20日,25
https://idol-gakuen.jp/item/2672/,葉加瀬マイ,1987年3月25日,2013年12月20日,26
https://idol-gakuen.jp/item/2667/,藤井奈々,1991年9月27日,2013年12月20日,22
https://idol-gakuen.jp/item/2665/,片岡沙耶,1993年7月18日,2013年12月20日,20
https://idol-gakuen.jp/item/2666/,鈴木ゆき,1987年1月17日,2013年12月20日,26
https://idol-gakuen.jp/item/2668/,藤原しずか,1991年11月1日,2013年12月20日,22
https://idol-gakuen.jp/item/1644/,原幹恵,1987年7月3日,2014年01月24日,26
https://idol-gakuen.jp/item/1645/,高崎聖子,1993年5月13日,2014年01月24日,20
https://idol-gakuen.jp/item/1648/,出水杏奈,1990年10月5日,2014年01月24日,23
https://idol-gakuen.jp/item/1649/,宇佐神みみ,1993年6月17日,2014年01月24日,20
https://idol-gakuen.jp/item/1650/,神崎槙,1993年8月30日,2014年01月24日,20
https://idol-gakuen.jp/item/1651/,青海,1991年9月27日,2014年01月24日,22
https://idol-gakuen.jp/item/1562/,山中真由美,1993年3月2日,2014年02月21日,20
https://idol-gakuen.jp/item/1565/,池田ショコラ,1991年3月14日,2014年02月21日,22
https://idol-gakuen.jp/item/1571/,長澤ちはる,1994年4月26日,2014年02月21日,19
https://idol-gakuen.jp/item/1572/,平塚千瑛,1986年8月6日,2014年02月21日,27
https://idol-gakuen.jp/item/1573/,さくら香織,1994年9月5日,2014年02月21日,19
https://idol-gakuen.jp/item/1574/,南菜々子,1987年6月15日,2014年02月21日,26
https://idol-gakuen.jp/item/1635/,山中知恵,1995年1月16日,2014年03月22日,19
https://idol-gakuen.jp/item/1636/,佐々木心音,1990年5月22日,2014年03月22日,23
https://idol-gakuen.jp/item/1637/,今野杏南,1989年6月15日,2014年03月22日,24
https://idol-gakuen.jp/item/1638/,秋本翼,1991年11月11日,2014年03月22日,22
https://idol-gakuen.jp/item/1639/,新井ゆうこ,1990年8月18日,2014年03月22日,23
https://idol-gakuen.jp/item/1640/,広川いく,1988年2月19日,2014年03月22日,26
https://idol-gakuen.jp/item/1641/,萌木七海,1993年5月27日,2014年03月22日,20
https://idol-gakuen.jp/item/963/,青山ひかる,1993年6月13日,2014年04月25日,20
https://idol-gakuen.jp/item/964/,大谷みつほ,1982年12月23日,2014年04月25日,31
https://idol-gakuen.jp/item/965/,福見真紀,1993年9月18日,2014年04月25日,20
https://idol-gakuen.jp/item/966/,宮内知美,1975年1月24日,2014年04月25日,39
https://idol-gakuen.jp/item/967/,黒澤あのん,1995年8月14日,2014年04月25日,18
https://idol-gakuen.jp/item/968/,山川ひろみ,1990年5月13日,2014年04月25日,23
https://idol-gakuen.jp/item/970/,秦瑞穂,1989年11月17日,2014年04月25日,24
https://idol-gakuen.jp/item/953/,亜里沙,1989年3月2日,2014年05月23日,25
https://idol-gakuen.jp/item/954/,西田麻衣,1989年3月23日,2014年05月23日,25
https://idol-gakuen.jp/item/956/,おかもとまり,1989年12月13日,2014年05月23日,24
https://idol-gakuen.jp/item/959/,大竹一重,1972年2月5日,2014年05月23日,42
https://idol-gakuen.jp/item/955/,渡辺未優,1991年2月22日,2014年05月23日,23
https://idol-gakuen.jp/item/960/,大川成美,1990年3月20日,2014年05月23日,24
https://idol-gakuen.jp/item/962/,あつたとも,1993年5月1日,2014年05月23日,21
https://idol-gakuen.jp/item/779/,小間千代,1991年3月16日,2014年06月20日,23
https://idol-gakuen.jp/item/780/,鈴木ふみ奈,1990年7月5日,2014年06月20日,23
https://idol-gakuen.jp/item/781/,富樫あずさ,1990年12月12日,2014年06月20日,23
https://idol-gakuen.jp/item/782/,松原静香,1988年4月8日,2014年06月20日,26
https://idol-gakuen.jp/item/783/,唐沢りん,1988年10月6日,2014年06月20日,25
https://idol-gakuen.jp/item/785/,志冬美,1983年1月19日,2014年06月20日,31
https://idol-gakuen.jp/item/788/,貴咲美久,1986年11月2日,2014年06月20日,27
https://idol-gakuen.jp/item/631/,五木あきら,1994年8月21日,2014年07月25日,19
https://idol-gakuen.jp/item/634/,佐伯いずみ,1990年8月19日,2014年07月25日,23
https://idol-gakuen.jp/item/636/,沢地優佳,1975年4月8日,2014年07月25日,39
https://idol-gakuen.jp/item/630/,夏江紘実,1991年8月19日,2014年07月25日,22
https://idol-gakuen.jp/item/38/,秋山莉奈,1985年9月26日,2014年08年22日,28
https://idol-gakuen.jp/item/39/,山下ちひろ,1992年11月26日,2014年08月22日,21
https://idol-gakuen.jp/item/40/,安枝瞳,1988年3月23日,2014年08年22日,26
https://idol-gakuen.jp/item/41/,倉多里佳,1994年10月14日,2014年08月22日,19
https://idol-gakuen.jp/item/43/,加藤美祐,1989年1月9日,2014年08月22日,25
https://idol-gakuen.jp/item/28/,鈴木ゆき,1987年1月17日,2014年09月26日,27
https://idol-gakuen.jp/item/30/,片岡沙耶,1993年7月18日,2014年09月26日,21
https://idol-gakuen.jp/item/31/,加藤智子,1987年4月28日,2014年09月26日,27
https://idol-gakuen.jp/item/32/,ケルシー・パニゴニ,1993年12月23日,2014年09月26日,20
https://idol-gakuen.jp/item/33/,高山れい,1995年11月23日,2014年09月26日,18
https://idol-gakuen.jp/item/35/,花京夕絹,1993年3月26日,2014年09月26日,21
https://idol-gakuen.jp/item/36/,桧野まゆみ,1989年10月3日,2014年09月26日,24
https://idol-gakuen.jp/item/22/,橘花凛,1990年8月9日,2014年10月24日,24
https://idol-gakuen.jp/item/23/,今野杏南,1989年6月15日,2014年10月24日,25
https://idol-gakuen.jp/item/25/,和泉美沙希,1991年4月24日,2014年10月24日,23
https://idol-gakuen.jp/item/26/,葉月,1994年11月21日,2014年10月24日,19
https://idol-gakuen.jp/item/14/,小日向愛,1994年3月22日,2014年11月21日,20
https://idol-gakuen.jp/item/16/,麻倉みな,1989年12月8日,2014年11月21日,24
https://idol-gakuen.jp/item/17/,柳いろは,1990年12月4日,2014年11月21日,23
https://idol-gakuen.jp/item/18/,鶴巻星奈,1998年10月18日,2014年11月21日,16
https://idol-gakuen.jp/item/19/,逢月ひな,1994年11月24日,2014年11月21日,19
https://idol-gakuen.jp/item/20/,有田桜花,1991年10月6日,2014年11月21日,23
https://idol-gakuen.jp/item/21/,沢地優佳,1975年4月8日,2014年11月21日,39
https://idol-gakuen.jp/item/1307/,久松かおり,1992年5月28日,2014年12月19日,22
https://idol-gakuen.jp/item/1308/,佐藤聖羅,1992年4月30日,2014年12月19日,22
https://idol-gakuen.jp/item/1309/,浜口順子,1985年6月24日,2014年12月19日,29
https://idol-gakuen.jp/item/1310/,葉月あや,1991年6月9日,2014年12月19日,23
https://idol-gakuen.jp/item/1311/,葉加瀬マイ,1987年3月25日,2014年12月19日,27
https://idol-gakuen.jp/item/1312/,夏江美優,1993年7月7日,2014年12月19日,21
https://idol-gakuen.jp/item/1313/,大倉里歩奈,1990年10月16日,2014年12月19日,24
https://idol-gakuen.jp/item/1314/,神山エリカ,1991年11月2日,2014年12月19日,23
https://idol-gakuen.jp/item/1315/,神﨑沙織,1992年4月23日,2014年12月19日,22
https://idol-gakuen.jp/item/2411/,森下まゆみ,1981年10月15日,2015年01月23日,33
https://idol-gakuen.jp/item/2405/,平嶋夏海,1992年5月28日,2015年01月23日,22
https://idol-gakuen.jp/item/2413/,藤田薫子,1989年9月12日,2015年01月23日,25
https://idol-gakuen.jp/item/2407/,鷹羽澪,1993年8月30日,2015年01月23日,21
https://idol-gakuen.jp/item/2409/,岡田紗佳,1994年2月19日,2015年01月23日,20
https://idol-gakuen.jp/item/2412/,黒木茉莉花,1991年10月31日,2015年01月23日,23
https://idol-gakuen.jp/item/2410/,片瀬美月,1996年12月20日,2015年01月23日,18
https://idol-gakuen.jp/item/2414/,大江恵,1969年1月17日,2015年01月23日,46
https://idol-gakuen.jp/item/2406/,染谷有香,1992年1月17日,2015年01月23日,23
https://idol-gakuen.jp/item/3648/,柳瀬早紀,1988年4月23日,2015年02月20日,26
https://idol-gakuen.jp/item/3650/,塚原あずさ,1995年11月20日,2015年02月20日,19
https://idol-gakuen.jp/item/3651/,桐谷あむ,1993年7月7日,2015年02月20日,21
https://idol-gakuen.jp/item/3655/,古川真奈美,1987年6月19日,2015年02月20日,27
https://idol-gakuen.jp/item/3656/,岡田サリオ,1993年9月28日,2015年02月20日,21
https://idol-gakuen.jp/item/3653/,宮澤じゅり,1994年4月3日,2015年02月20日,20
https://idol-gakuen.jp/item/3652/,秦瑞穂,1989年11月17日,2015年02月20日,25
https://idol-gakuen.jp/item/3960/,桜井えりな,1993年4月8日,2015年03月20日,21
https://idol-gakuen.jp/item/3969/,大山ひかり,1994年9月15日,2015年03月20日,20
https://idol-gakuen.jp/item/3968/,森田涼花,1992年9月7日,2015年03月20日,22
https://idol-gakuen.jp/item/3967/,永井里菜,1992年10月19日,2015年03月20日,22
https://idol-gakuen.jp/item/3966/,佐野千晃,1992年8月10日,2015年03月20日,22
https://idol-gakuen.jp/item/3965/,塩田ひかる,1993年6月1日,2015年03月20日,21
https://idol-gakuen.jp/item/3963/,碓氷美羽,1995年12月12日,2015年03月20日,19
https://idol-gakuen.jp/item/3962/,横山あみ,1996年10月31日,2015年03月20日,18
https://idol-gakuen.jp/item/4513/,松嶋えいみ,1992年4月7日,2015年04月24日,23
https://idol-gakuen.jp/item/4512/,富永一葉,1995年6月12日,2015年04月24日,19
https://idol-gakuen.jp/item/4511/,真東愛,1996年2月7日,2015年04月24日,19
https://idol-gakuen.jp/item/4509/,咲元聖,1991年5月16日,2015年04月24日,23
https://idol-gakuen.jp/item/4514/,裕木れい子,1986年3月1日,2015年04月24日,29
https://idol-gakuen.jp/item/4825/,池田愛恵里,1990年7月29日,2015年05月22日,24
https://idol-gakuen.jp/item/4831/,凪沢怜奈,1995年6月29日,2015年05月22日,19
https://idol-gakuen.jp/item/4833/,西田藍,1991年10月20日,2015年05月22日,23
https://idol-gakuen.jp/item/4822/,犬童美乃梨,1994年5月6日,2015年05月22日,21
https://idol-gakuen.jp/item/4826/,紺野栞,1994年10月23日,2015年05月22日,20
https://idol-gakuen.jp/item/4827/,大川成美,1990年3月20日,2015年05月22日,25
https://idol-gakuen.jp/item/4830/,稲田朱美,1993年7月3日,2015年05月22日,21
https://idol-gakuen.jp/item/5101/,麻倉まりな,1992年4月2日,2015年06月19日,23
https://idol-gakuen.jp/item/5099/,熊乃あい,1988年12月13日,2015年06月19日,26
https://idol-gakuen.jp/item/5105/,華彩なな,1984年3月31日,2015年06月19日,31
https://idol-gakuen.jp/item/5103/,寺田御子,1992年6月11日,2015年06月19日,23
https://idol-gakuen.jp/item/5102/,橋本梨菜,1993年9月13日,2015年06月19日,21
https://idol-gakuen.jp/item/5106/,村上友梨,1992年11月7日,2015年06月19日,22
https://idol-gakuen.jp/item/5356/,沢地優佳,1975年4月8日,2015年07月24日,40
https://idol-gakuen.jp/item/5355/,REIKA,1987年4月30日,2015年07月24日,28
https://idol-gakuen.jp/item/5352/,中野由貴,1989年5月7日,2015年07月24日,26
https://idol-gakuen.jp/item/5350/,峰岸ちひろ,1991年7月25日,2015年07月24日,23
https://idol-gakuen.jp/item/5354/,桜野みお,1992年1月17日,2015年07月24日,23
https://idol-gakuen.jp/item/5353/,白石あさえ,1991年6月28日,2015年07月27日,24
https://idol-gakuen.jp/item/5349/,為近あんな,1992年10月29日,2015年07月24日,22
https://idol-gakuen.jp/item/5733/,水谷ゆあ,1995年8月3日,2015年08月21日,20
https://idol-gakuen.jp/item/5731/,宮脇麻那,1992年9月15日,2015年08月21日,22
https://idol-gakuen.jp/item/5735/,梅田あや,1995年9月30日,2015年08月21日,19
https://idol-gakuen.jp/item/5728/,西崎莉麻,1993年6月9日,2015年08月21日,22
https://idol-gakuen.jp/item/5732/,森村さき,1995年9月22日,2015年08月21日,19
https://idol-gakuen.jp/item/5729/,森川彩香,1996年3月24日,2015年08月21日,19
https://idol-gakuen.jp/item/5823/,雄飛ときね,1993年10月16日,2015年09月18日,21
https://idol-gakuen.jp/item/5821/,藤田薫子,1989年9月12日,2015年09月18日,26
https://idol-gakuen.jp/item/5817/,神谷えりな,1991年10月15日,2015年09月18日,23
https://idol-gakuen.jp/item/5820/,美森ゆみな,1992年11月11日,2015年09月18日,22
https://idol-gakuen.jp/item/5816/,時田愛梨,1992年3月6日,2015年09月18日,23
https://idol-gakuen.jp/item/5815/,葉月あや,1991年6月9日,2015年09月18日,24
https://idol-gakuen.jp/item/6155/,石岡真衣,1990年8月7日,2015年10月23日,25
https://idol-gakuen.jp/item/6156/,今野杏南,1989年6月15日,2015年10月23日,26
https://idol-gakuen.jp/item/6157/,長澤茉里奈,1995年10月8日,2015年10月23日,20
https://idol-gakuen.jp/item/6304/,里美黎,1992年7月29日,2015年11月20日,23
https://idol-gakuen.jp/item/6308/,奥川チカリ,1990年6月12日,2015年11月20日,25
https://idol-gakuen.jp/item/6305/,菜々花,1991年5月19日,2015年11月20日,24
https://idol-gakuen.jp/item/6309/,高嶋香帆,1992年1月20日,2015年11月20日,23
https://idol-gakuen.jp/item/6303/,佐々木麻衣,1988年10月20日,2015年11月20日,27
https://idol-gakuen.jp/item/6306/,松本菜奈実,1994年8月23日,2015年11月20日,21
https://idol-gakuen.jp/item/6523/,MAO,1987年5月20日,2015年12月18日,28
https://idol-gakuen.jp/item/6527/,脊山麻理子,1980年4月8日,2015年12月18日,35
https://idol-gakuen.jp/item/6491/,茜さや,1993年5月20日,2015年12月18日,22
https://idol-gakuen.jp/item/6522/,佐野真彩,1985年2月13日,2015年12月18日,30
https://idol-gakuen.jp/item/6750/,吉田柚奈,1996年3月15日,2016年01月22日,19
https://idol-gakuen.jp/item/6753/,沖田美鈴,1996年4月22日,2016年01月22日,19
https://idol-gakuen.jp/item/6751/,国友愛佳,1987年4月13日,2016年01月22日,28
https://idol-gakuen.jp/item/6747/,今野杏南,1989年6月15日,2016年01月22日,26
https://idol-gakuen.jp/item/6749/,和地つかさ,1993年5月13日,2016年01月22日,22
https://idol-gakuen.jp/item/7351/,田邊ゆな,1992年2月14日,2016年02月19日,24
https://idol-gakuen.jp/item/7353/,古崎瞳,1986年5月27日,2016年02月19日,29
https://idol-gakuen.jp/item/7350/,有馬奈那,1994年5月4日,2016年02月19日,21
https://idol-gakuen.jp/item/7349/,松岡里英,1993年５月19日,2016年02月19日,22
https://idol-gakuen.jp/item/7346/,長澤茉里奈,1995年10月8日,2016年02月19日,20
https://idol-gakuen.jp/item/7790/,萩野梨奈,1991年10月3日,2016年03月18日,24
https://idol-gakuen.jp/item/7787/,戸咲七海,1993年3月10日,2016年03月18日,23
https://idol-gakuen.jp/item/7785/,川原洋子,1980年9月20日,2016年03月18日,35
https://idol-gakuen.jp/item/8178/,中水あゆみ,1987年8月31日,2016年04月22日,28
https://idol-gakuen.jp/item/8176/,伊藤里織,1993年4月10日,2016年04月22日,23
https://idol-gakuen.jp/item/8174/,佐山彩香,1993年5月17日,2016年04月22日,22
https://idol-gakuen.jp/item/8177/,椎名里奈,1996年2月24日,2016年04月22日,20
https://idol-gakuen.jp/item/8175/,鈴木ふみ奈,1990年7月5日,2016年04月22日,25
https://idol-gakuen.jp/item/8172/,片山萌美,1990年10月1日,2016年04月22日,25
https://idol-gakuen.jp/item/8581/,日比谷亜美,1992年1月30日,2016年05月20日,24
https://idol-gakuen.jp/item/8582/,新垣優香,1993年2月14日,2016年05月20日,23
https://idol-gakuen.jp/item/8578/,青山ひかる,1993年6月13日,2016年05月20日,22
https://idol-gakuen.jp/item/8583/,森咲智美,1992年8月12日,2016年05月20日,23
https://idol-gakuen.jp/item/8580/,春菜めぐみ,1990年10月8日,2016年06月24日,25
https://idol-gakuen.jp/item/8723/,大滝りか,1992年3月2日,2016年06月24日,24
https://idol-gakuen.jp/item/8719/,西田麻衣,1989年3月23日,2016年06月24日,27
https://idol-gakuen.jp/item/8722/,咲田朱里,1990年8月11日,2016年06月24日,25
https://idol-gakuen.jp/item/8724/,椿原愛,1992年5月26日,2016年06月24日,24
https://idol-gakuen.jp/item/8721/,日野麻衣,1994年12月30日,2016年06月24日,21
https://idol-gakuen.jp/item/8907/,清水麻里,1979年2月1日,2016年07月22日,37
https://idol-gakuen.jp/item/8906/,葉月佐和,1992年8月14日,2016年07月22日,23
https://idol-gakuen.jp/item/8903/,松嶋えいみ,1992年4月7日,2016年07月22日,24
https://idol-gakuen.jp/item/8901/,中村静香,1989年9月9日,2016年07月22日,26
https://idol-gakuen.jp/item/8904/,小柳歩,1991年8月20日,2016年07月22日,24
https://idol-gakuen.jp/item/9254/,森ちあき,1993年9月23日,2016年08月26日,22
https://idol-gakuen.jp/item/9249/,才木玲佳,1992年5月19日,2016年08月26日,24
https://idol-gakuen.jp/item/9252/,大澤玲美,1993年5月8日,2016年08月26日,23
https://idol-gakuen.jp/item/9253/,松本菜奈実,1994年8月23日,2016年08月26日,22
https://idol-gakuen.jp/item/9251/,忍野さら,1995年6月3日,2016年08月26日,21
https://idol-gakuen.jp/item/9474/,田辺あすか,1995年11月19日,2016年09月23日,20
https://idol-gakuen.jp/item/9471/,殿倉恵未,1989年7月22日,2016年09月23日,27
https://idol-gakuen.jp/item/9473/,春野恵,1988年6月26日,2016年09月23日,28
https://idol-gakuen.jp/item/9468/,原幹恵,1987年7月3日,2016年09月23日,29
https://idol-gakuen.jp/item/9472/,鈴川さや,1996年10月17日,2016年09月23日,19
https://idol-gakuen.jp/item/9470/,柳瀬早紀,1988年4月23日,2016年09月23日,28
https://idol-gakuen.jp/item/9714/,田中みか,1992年8月21日,2016年10月21日,24
https://idol-gakuen.jp/item/9713/,高田千尋,1985年6月26日,2016年10月21日,31
https://idol-gakuen.jp/item/9710/,西堀智美,1997年8月28日,2016年10月21日,19
https://idol-gakuen.jp/item/9708/,桐山瑠衣,1991年1月15日,2016年10月21日,25
https://idol-gakuen.jp/item/9712/,橋本梨菜,1993年9月13日,2016年10月21日,23
https://idol-gakuen.jp/item/9711/,三浦はづき,1992年7月29日,2016年10月21日,24
https://idol-gakuen.jp/item/9952/,よう子,1984年6月6日,2016年11月18日,32
https://idol-gakuen.jp/item/9951/,一ノ瀬未菜美,1993年9月2日,2016年11月18日,23
https://idol-gakuen.jp/item/9949/,小澤らいむ,1993年4月27日,2016年11月18日,23
https://idol-gakuen.jp/item/9950/,原あや香,1995年12月13日,2016年11月18日,20
https://idol-gakuen.jp/item/10132/,さいとう雅子,1993年12月29日,2016年12月24日,22
https://idol-gakuen.jp/item/10133/,honoka,1995年9月1日,2016年12月24日,21
https://idol-gakuen.jp/item/10135/,桜あず,1995年1月26日,2016年12月24日,21
https://idol-gakuen.jp/item/10134/,二宮さくら,1995年4月19日,2016年12月24日,21
https://idol-gakuen.jp/item/10606/,田中ゆみ,1985年2月10日,2017年01月20日,31
https://idol-gakuen.jp/item/10602/,松嶋えいみ,1992年4月7日,2017年01月20日,24
https://idol-gakuen.jp/item/10603/,岬愛奈,1994年10月21日,2017年01月20日,22
https://idol-gakuen.jp/item/10600/,菅井美沙,1995年5月1日,2017年01月20日,21
https://idol-gakuen.jp/item/10604/,稀水こはく,1990年8月23日,2017年01月20日,26
https://idol-gakuen.jp/item/10983/,倉咲奈央,1996年2月13日,2017年02月24日,21
https://idol-gakuen.jp/item/10979/,相良朱音,1995年11月20日,2017年02月24日,21
https://idol-gakuen.jp/item/10980/,横山あみ,1996年10月31日,2017年02月24日,20
https://idol-gakuen.jp/item/10977/,朝倉ゆり,1993年11月2日,2017年02月24日,23
https://idol-gakuen.jp/item/10982/,紺野栞,1994年10月23日,2017年02月24日,22
https://idol-gakuen.jp/item/10981/,森咲智美,1992年8月12日,2017年02月24日,24
https://idol-gakuen.jp/item/11307/,内山紗矢香,1991年10月3日,2017年03月24日,25
https://idol-gakuen.jp/item/11304/,伊藤早由利,1996年6月30日,2017年03月24日,20
https://idol-gakuen.jp/item/11305/,朝倉恵梨奈,1998年3月19日,2017年03月24日,19
https://idol-gakuen.jp/item/11303/,北内みさと,1992年11月20日,2017年03月24日,24
https://idol-gakuen.jp/item/11306/,うさまりあ,1993年3月20日,2017年03月24日,24
https://idol-gakuen.jp/item/11301/,星島沙也加,1992年10月27日,2017年03月24日,24
https://idol-gakuen.jp/item/11817/,小林広美,1988年4月15日,2017年04月21日,29
https://idol-gakuen.jp/item/11814/,こはね,1998年1月9日,2017年04月21日,19
https://idol-gakuen.jp/item/11818/,雨宮留菜,1993年7月14日,2017年04月21日,23
https://idol-gakuen.jp/item/11815/,菊池梨沙,1995年6月3日,2017年04月21日,21
https://idol-gakuen.jp/item/11811/,RaMu,1997年7月31日,2017年04月21日,19
https://idol-gakuen.jp/item/11816/,甘川もこ,1990年7月13日,2017年04月21日,26
https://idol-gakuen.jp/item/11813/,藤井澪,1998年9月9日,2017年04月21日,18
https://idol-gakuen.jp/item/12978/,成美,1989年7月3日,2017年05月19日,27
https://idol-gakuen.jp/item/12977/,満川晴月,1997年3月1日,2017年05月19日,20
https://idol-gakuen.jp/item/12976/,梧桐愛生,1994年12月25日,2017年05月19日,22
https://idol-gakuen.jp/item/12974/,和地つかさ,1993年5月13日,2017年05月19日,24
https://idol-gakuen.jp/item/12973/,桐山瑠衣,1991年1月15日,2017年05月19日,26
https://idol-gakuen.jp/item/12979/,手塚せいあ,1996年7月31日,2017年06月23日,20
https://idol-gakuen.jp/item/13747/,町本ゆう,1994年11月11日,2017年06月23日,22
https://idol-gakuen.jp/item/13745/,葉月ゆめ,1992年2月6日,2017年06月23日,25
https://idol-gakuen.jp/item/13743/,来栖あこ,1992年7月10日,2017年06月23日,24
https://idol-gakuen.jp/item/14239/,井上結華,1985年3月9日,2017年07月21日,32
https://idol-gakuen.jp/item/14224/,このみ真実,1997年8月21日,2017年07月21日,19
https://idol-gakuen.jp/item/14225/,相沢仁菜,1992年3月17日,2017年07月21日,25
https://idol-gakuen.jp/item/14223/,殿倉恵未,1989年7月22日,2017年07月21日,27
https://idol-gakuen.jp/item/14220/,月城まゆ,1994年8月3日,2017年07月21日,22
https://idol-gakuen.jp/item/14222/,今野ゆい,1990年8月5日,2017年07月21日,26
https://idol-gakuen.jp/item/14781/,橋本まどか,1994年5月21日,2017年08月25日,23
https://idol-gakuen.jp/item/14780/,★HOSHINO,1994年8月15日,2017年08月25日,23
https://idol-gakuen.jp/item/14779/,こみつじょう,1992年12月9日,2017年08月25日,24
https://idol-gakuen.jp/item/14777/,平嶋夏海,1992年5月28日,2017年08月25日,25
https://idol-gakuen.jp/item/15715/,あおい,1994年12月1日,2017年09月22日,22
https://idol-gakuen.jp/item/15711/,葉月あや,1991年6月9日,2017年09月22日,26
https://idol-gakuen.jp/item/15710/,ゆうみ,1997年12月11日,2017年09月22日,19
https://idol-gakuen.jp/item/15712/,藤井澪,1998年9月9日,2017年09月22日,19
https://idol-gakuen.jp/item/15713/,松川悠菜,1989年6月1日,2017年09月22日,28
https://idol-gakuen.jp/item/15708/,森咲智美,1992年8月12日,2017年09月22日,25
https://idol-gakuen.jp/item/19625/,藤嶋もなみ,1988年3月25日,2017年11月02日,29
https://idol-gakuen.jp/item/19586/,藤嶋もなみ,1988年3月25日,2017年10月23日,29
https://idol-gakuen.jp/item/19593/,若原麻希,1985年11月16日,2017年10月23日,31
https://idol-gakuen.jp/item/19637/,若原麻希,1985年11月16日,2017年11月02日,31
https://idol-gakuen.jp/item/16682/,椎野うい,1998年2月8日,2017年10月20日,19
https://idol-gakuen.jp/item/16681/,平野もえ,1998年3月8日,2017年10月20日,19
https://idol-gakuen.jp/item/16683/,秦瑞穂,1989年11月17日,2017年10月20日,27
https://idol-gakuen.jp/item/16676/,白石若奈,1996年1月30日,2017年10月20日,21
https://idol-gakuen.jp/item/16677/,ぱいぱいでか美,1991年5月3日,2017年10月20日,26
https://idol-gakuen.jp/item/16673/,永井里菜,1992年10月19日,2017年10月20日,25
https://idol-gakuen.jp/item/16678/,宮瀬葵菜,1997年3月11日,2017年10月20日,20
https://idol-gakuen.jp/item/16675/,高梨れい,1992年7月31日,2017年10月20日,25
https://idol-gakuen.jp/item/17445/,佐伯香織,1993年5月22日,2017年11月24日,24
https://idol-gakuen.jp/item/17443/,松村加南子,1985年10月30日,2017年11月24日,32
https://idol-gakuen.jp/item/17444/,葉山まみ,1997年1月21日,2017年11月24日,20
https://idol-gakuen.jp/item/17442/,佐藤レイミ,1996年1月9日,2017年11月24日,21
https://idol-gakuen.jp/item/17441/,千代田唯,1989年9月20日,2017年11月24日,28
https://idol-gakuen.jp/item/17439/,川嶋麗惟,1996年5月29日,2017年11月24日,21
https://idol-gakuen.jp/item/18839/,藤原ゆき,1992年5月4日,2017年12月22日,25
https://idol-gakuen.jp/item/18836/,桃井あやか,1998年12月21日,2017年12月22日,19
https://idol-gakuen.jp/item/18835/,藤田恵名,1990年7月7日,2017年12月22日,27
https://idol-gakuen.jp/item/18833/,森脇芹渚,1995年4月29日,2017年12月22日,22
https://idol-gakuen.jp/item/18834/,彩川ひなの,1995年6月20日,2017年12月22日,22
https://idol-gakuen.jp/item/18831/,夏来唯,1994年1月16日,2017年12月22日,23
https://idol-gakuen.jp/item/20580/,柳本絵美,1992年4月20日,2018年01月19日,25
https://idol-gakuen.jp/item/20581/,柚木えりな,1991年1月7日,2018年01月19日,27
https://idol-gakuen.jp/item/20578/,神宮寺かなん,1995年7月13日,2018年01月19日,22
https://idol-gakuen.jp/item/20582/,佐々木心優,1998年3月19日,2018年01月19日,19
https://idol-gakuen.jp/item/20579/,肥川彩愛,1994年11月8日,2018年01月19日,23
https://idol-gakuen.jp/item/20577/,篠崎こころ,1993年7月7日,2018年01月19日,24
https://idol-gakuen.jp/item/21546/,矢野みき,1994年12月23日,2017年02月23日,22
https://idol-gakuen.jp/item/21542/,葛城聖菜,1995年11月7日,2018年02月23日,22
https://idol-gakuen.jp/item/21526/,中牟田あかり,1992年8月11日,2018年02月23日,25
https://idol-gakuen.jp/item/21535/,七瀬結衣,1994年6月27日,2018年02月23日,23
https://idol-gakuen.jp/item/21539/,田中めい,1997年3月11日,2018年02月23日,20
https://idol-gakuen.jp/item/21523/,橋本梨菜,1993年9月13日,2018年02月23日,24
https://idol-gakuen.jp/item/22290/,中嶋魁,1997年5月1日,2018年03月23日,20
https://idol-gakuen.jp/item/22289/,佐山彩香,1993年5月17日,2018年03月23日,24
https://idol-gakuen.jp/item/22288/,柳瀬早紀,1988年4月23日,2018年03月23日,29
https://idol-gakuen.jp/item/22291/,霜月めあ,1995年11月14日,2018年03月23日,22
https://idol-gakuen.jp/item/22287/,武田あやな,1995年4月7日,2018年03月23日,22
https://idol-gakuen.jp/item/23147/,大森天乃,1988年10月5日,2018年04月20日,29
https://idol-gakuen.jp/item/23142/,福井セリナ,1994年5月23日,2018年04月20日,23
https://idol-gakuen.jp/item/23140/,橋本真帆,1993年2月14日,2018年04月20日,25
https://idol-gakuen.jp/item/23143/,草野綾,1994年4月23日,2018年04月20日,23
https://idol-gakuen.jp/item/23145/,佐藤聖羅,1992年4月30日,2018年04月20日,25
https://idol-gakuen.jp/item/23141/,青山ひかる,1993年6月13日,2018年04月20日,24
https://idol-gakuen.jp/item/23146/,緒方咲,1994年10月7日,2018年04月20日,23
https://idol-gakuen.jp/item/23144/,RaMu,1997年7月31日,2018年04月20日,20
https://idol-gakuen.jp/item/23940/,小山玲奈,1994年9月15日,2018年05月18日,23
https://idol-gakuen.jp/item/23939/,伊川愛梨,1999年3月16日,2018年05月18日,19
https://idol-gakuen.jp/item/23936/,佐藤美咲,1997年10月28日,2018年05月18日,20
https://idol-gakuen.jp/item/23938/,橋本杏奈,1995年9月11日,2018年05月18日,22
https://idol-gakuen.jp/item/23933/,久松かおり,1995年5月1日,2018年05月18日,23
https://idol-gakuen.jp/item/23937/,朝比奈祐未,1991年12月9日,2018年05月18日,26
https://idol-gakuen.jp/item/23935/,ゆうみ,1997年12月11日,2018年05月18日,20
https://idol-gakuen.jp/item/24668/,三原魅珠,1998年4月18日,2018年06月22日,20
https://idol-gakuen.jp/item/24670/,彼方美紅,1999年12月4日,2018年06月22日,18
https://idol-gakuen.jp/item/24671/,松山メアリ,1991年9月2日,2018年06月22日,26
https://idol-gakuen.jp/item/24669/,綾瀬加恋,1998年1月4日,2018年06月22日,20
https://idol-gakuen.jp/item/24672/,岡田めぐ,1999年9月7日,2018年06月22日,18
https://idol-gakuen.jp/item/24675/,美音咲月,1999年4月11日,2018年06月22日,19
https://idol-gakuen.jp/item/24674/,石神澪,1997年4月16日,2018年06月22日,21
https://idol-gakuen.jp/item/25428/,畑内寿理,1994年9月29日,2018年07月20日,23
https://idol-gakuen.jp/item/25426/,鶴あいか,1983年2月6日,2018年07月20日,35
https://idol-gakuen.jp/item/25427/,山本有紗,1997年2月27日,2018年07月20日,21
https://idol-gakuen.jp/item/25425/,安田七奈,1991年7月2日,2018年07月20日,27
https://idol-gakuen.jp/item/25422/,徳江かな,1998年12月13日,2018年07月20日,19
https://idol-gakuen.jp/item/25424/,美沙希,1995年4月12日,2018年07月20日,23
https://idol-gakuen.jp/item/26577/,瑞森しゅん,1993年5月10日,2018年08月24日,25
https://idol-gakuen.jp/item/26581/,桃咲あや,1998年1月2日,2018年08月24日,20
https://idol-gakuen.jp/item/26584/,池田ゆり,1992年7月26日,2018年08月24日,26
https://idol-gakuen.jp/item/26588/,麻亜子,1994年10月31日,2018年08月24日,23
https://idol-gakuen.jp/item/26599/,真島なおみ,1998年3月17日,2018年08月24日,20
https://idol-gakuen.jp/item/26592/,奈月セナ,1996年5月30日,2018年08月24日,22
https://idol-gakuen.jp/item/26596/,桐山瑠衣,1991年1月15日,2018年08月24日,27
https://idol-gakuen.jp/item/27785/,朝比奈祐未,1991年12月9日,2018年09月21日,26
https://idol-gakuen.jp/item/27784/,朝比奈祐未,1991年12月9日,2018年09月21日,26
https://idol-gakuen.jp/item/27783/,朝比奈祐未,1991年12月9日,2018年09月21日,26
https://idol-gakuen.jp/item/26959/,まりん,1998年3月16日,2018年09月21日,20
https://idol-gakuen.jp/item/26958/,瑞本詩音,1997年12月22日,2018年09月21日,20
https://idol-gakuen.jp/item/26955/,起代美,1999年2月２日,2018年09月21日,19
https://idol-gakuen.jp/item/26956/,藤堂さやか,1994年11月25日,2018年09月21日,23
https://idol-gakuen.jp/item/26957/,高坂琴水,2000年3月28日,2018年09月21日,18
https://idol-gakuen.jp/item/26953/,外崎梨香,1992年4月22日,2018年09月21日,26
https://idol-gakuen.jp/item/28435/,夏本あさみ,1993年7月1日,2018年10月27日,25
https://idol-gakuen.jp/item/28434/,夏本あさみ,1993年7月1日,2018年10月27日,25
https://idol-gakuen.jp/item/28433/,夏本あさみ,1993年7月1日,2018年10月27日,25
https://idol-gakuen.jp/item/28325/,日向ひな,1995年1月29日,2018年10月19日,23
https://idol-gakuen.jp/item/28329/,鈴原りこ,1992年6月27日,2018年10月19日,26
https://idol-gakuen.jp/item/28326/,ちとせよしの,2000年1月8日,2018年10月19日,18
https://idol-gakuen.jp/item/28330/,南ふみの,1994年10月4日,2018年10月19日,24
https://idol-gakuen.jp/item/28324/,藤原みりん,1995年9月27日,2018年10月19日,23
https://idol-gakuen.jp/item/28328/,高梨瑞樹,1997年12月21日,2018年10月19日,20
https://idol-gakuen.jp/item/28598/,山内もえ,1993年5月3日,2018年11月24日,25
https://idol-gakuen.jp/item/28596/,椿理穂,1998年8月13日,2018年11月24日,20
https://idol-gakuen.jp/item/28592/,那珂川もこ,1996年5月8日,2018年11月24日,22
https://idol-gakuen.jp/item/28595/,音羽紀香,1990年9月12日,2018年11月24日,28
https://idol-gakuen.jp/item/28594/,橘更紗,1997年11月19日,2018年11月24日,21
https://idol-gakuen.jp/item/28597/,佐野マリア,1991年3月18日,2018年11月24日,27
https://idol-gakuen.jp/item/34067/,大塚椎菜,1993年1月18日,2018年12月21日,25
https://idol-gakuen.jp/item/34068/,高橋美憂,1999年6月30日,2018年12月21日,19
https://idol-gakuen.jp/item/34071/,みのり,1992年8月10日,2018年12月21日,26
https://idol-gakuen.jp/item/34072/,平崎里奈,1994年9月27日,2018年12月21日,24
https://idol-gakuen.jp/item/34073/,ぷにたん,1996年6月24日,2018年12月21日,22
https://idol-gakuen.jp/item/34069/,田中めい,1997年3月11日,2018年12月21日,21
https://idol-gakuen.jp/item/34078/,真珠・野沢オークレア,1993年10月29日,2019年01月25日,25
https://idol-gakuen.jp/item/34074/,小瀬田麻由,1994年11月12日,2019年01月25日,24
https://idol-gakuen.jp/item/34077/,高杉杏,1998年7月28日,2019年01月25日,20
https://idol-gakuen.jp/item/34075/,前田美里,1996年2月13日,2019年01月25日,22
https://idol-gakuen.jp/item/34076/,安位薫,1999年12月1日,2019年01月25日,19
https://idol-gakuen.jp/item/34079/,深澤里菜,1993年3月31日,2019年02月22日,25
https://idol-gakuen.jp/item/34080/,太田和さくら,2000年2月3日,2019年02月22日,19
https://idol-gakuen.jp/item/34081/,立川愛梨,1999年9月30日,2019年02月22日,19
https://idol-gakuen.jp/item/34083/,伊藤しほ乃,1988年1月10日,2019年02月22日,31
https://idol-gakuen.jp/item/34082/,秋山かほ,1997年7月16日,2019年02月22日,21
https://idol-gakuen.jp/item/34084/,新田ゆう,1994年10月18日,2019年02月22日,24
https://idol-gakuen.jp/item/34087/,原萌々香,2000年2月27日,2019年03月22日,19
https://idol-gakuen.jp/item/34089/,南沙羽,1993年6月15日,2019年03月22日,25
https://idol-gakuen.jp/item/34088/,蒼山みこと,1999年9月17日,2019年03月22日,19
https://idol-gakuen.jp/item/34090/,藤田いろは,1994年11月5日,2019年03月22日,24
https://idol-gakuen.jp/item/34091/,工藤唯,1999年3月6日,2019年03月22日,20
https://idol-gakuen.jp/item/34098/,月神まりな,1989年1月28日,2019年04月19日,30
https://idol-gakuen.jp/item/34100/,加賀美あみ,1996年3月20日,2019年04月19日,23
https://idol-gakuen.jp/item/34099/,柚月瀬那,1998年8月8日,2019年04月19日,20
https://idol-gakuen.jp/item/34097/,藤崎真帆,1993年3月23日,2019年04月19日,26
https://idol-gakuen.jp/item/34095/,緒方咲,1994年10月7日,2019年04月19日,24
https://idol-gakuen.jp/item/34096/,山本ゆう,1998年1月19日,2019年04月19日,21
https://idol-gakuen.jp/item/34094/,葉月あや,1991年6月9日,2019年04月19日,27
https://idol-gakuen.jp/item/53067/,朝日奈藍,1989年12月8日,2019年05月24日,29
https://idol-gakuen.jp/item/53065/,吉岡愛梨,1999年3月29日,2019年05月24日,20
https://idol-gakuen.jp/item/53064/,中村ことは,1997年4月12日,2019年05月24日,22
https://idol-gakuen.jp/item/53066/,宝生まりな,1994年8月31日,2019年05月24日,24
https://idol-gakuen.jp/item/53063/,清瀬汐希,1997年2月25日,2019年05月24日,22
https://idol-gakuen.jp/item/53062/,紺野栞,1994年10月23日,2019年05月24日,24
https://idol-gakuen.jp/item/53061/,奈月セナ,1996年5月30日,2019年05月24日,22
https://idol-gakuen.jp/item/53871/,南まりあ,1996年3月4日,2019年06月21日,23
https://idol-gakuen.jp/item/53872/,相内りりか,1999年5月16日,2019年06月21日,20
https://idol-gakuen.jp/item/53869/,あべみほ,1988年1月10日,2019年06月21日,31
https://idol-gakuen.jp/item/53868/,海里,1993年10月10日,2019年06月21日,25
https://idol-gakuen.jp/item/53867/,高坂琴水,2000年3月28日,2019年06月21日,19
https://idol-gakuen.jp/item/53866/,川村那月,1993年3月17日,2019年06月21日,26
https://idol-gakuen.jp/item/53865/,片山萌美,1990年10月1日,2019年06月21日,28
https://idol-gakuen.jp/item/54680/,小川舞子,1987年6月8日,2019年07月26日,32
https://idol-gakuen.jp/item/54679/,倉澤雪乃,1998年1月16日,2019年07月26日,21
https://idol-gakuen.jp/item/54677/,古崎瞳,1986年5月27日,2019年07月26日,33
https://idol-gakuen.jp/item/54676/,芦屋芽依,2000年2月27日,2019年07月26日,19
https://idol-gakuen.jp/item/54675/,伊織いお,1998年8月13日,2019年07月26日,20
https://idol-gakuen.jp/item/55660/,英海,1996年8月24日,2019年08月23日,22
https://idol-gakuen.jp/item/55664/,七瀬泉,1999年3月10日,2019年08月23日,20
https://idol-gakuen.jp/item/55666/,金山睦,1988年6月19日,2019年08月23日,31
https://idol-gakuen.jp/item/55665/,宇佐美彩乃,1996年12月24日,2019年08月23日,22
https://idol-gakuen.jp/item/55663/,七瀬美桜,1999年12月10日,2019年08月23日,19
https://idol-gakuen.jp/item/55662/,佐々野愛美,1998年5月28日,2019年08月23日,21
https://idol-gakuen.jp/item/55667/,高橋凛,1990年8月9日,2019年08月23日,29
https://idol-gakuen.jp/item/56346/,楯真由子,1988年3月1日,2019年09月20日,31
https://idol-gakuen.jp/item/56344/,水咲優美,1997年2月18日,2019年09月20日,22
https://idol-gakuen.jp/item/56343/,尾花貴絵,1992年7月28日,2019年09月20日,27
https://idol-gakuen.jp/item/56345/,草川紫音,1998年3月3日,2019年09月20日,21
https://idol-gakuen.jp/item/56342/,佐野水柚,1991年8月28日,2019年09月20日,28
https://idol-gakuen.jp/item/56341/,牧野澪菜,1995年9月2日,2019年09月20日,24
https://idol-gakuen.jp/item/57398/,野々村ゆり,1997年11月8日,2019年10月25日,21
https://idol-gakuen.jp/item/57393/,愛場れいら,1993年8月24日,2019年10月25日,26
https://idol-gakuen.jp/item/57392/,南里,1991年2月7日,2019年10月25日,28
https://idol-gakuen.jp/item/57397/,駒井まち,1987年11月10日,2019年10月25日,31
https://idol-gakuen.jp/item/57391/,南りほ,1995年11月1日,2019年10月25日,23
https://idol-gakuen.jp/item/57390/,葉月つばさ,1998年6月16日,2019年10月25日,21
https://idol-gakuen.jp/item/57395/,NiNi,1995年12月16日,2019年11月08日,23
https://idol-gakuen.jp/item/58007/,武田美香,1998年9月20日,2019年11月22日,21
https://idol-gakuen.jp/item/58013/,星野風香,2000年1月11日,2019年11月22日,19
https://idol-gakuen.jp/item/58011/,未梨一花,1999年2月24日,2019年11月22日,20
https://idol-gakuen.jp/item/58005/,徳江かな,1998年12月13日,2019年11月22日,20
https://idol-gakuen.jp/item/58004/,ちとせよしの,2000年1月8日,2019年11月22日,19
https://idol-gakuen.jp/item/59061/,緑川ちひろ,1993年6月4日,2019年12月20日,26
https://idol-gakuen.jp/item/59069/,池尻愛梨,1992年10月7日,2019年12月20日,27
https://idol-gakuen.jp/item/59068/,栗山ことね,1993年5月2日,2019年12月20日,26
https://idol-gakuen.jp/item/59067/,日向葵衣,1997年7月5日,2019年12月20日,22
https://idol-gakuen.jp/item/59065/,佐野マリア,1991年3月18日,2019年12月20日,28
https://idol-gakuen.jp/item/59066/,高橋希来,2001年1月14日,2019年12月20日,18
https://idol-gakuen.jp/item/59064/,RaMu,1997年7月31日,2019年12月20日,22
https://idol-gakuen.jp/item/59062/,長澤茉里奈,1995年10月8日,2019年12月20日,24
https://idol-gakuen.jp/item/59063/,森咲智美,1992年8月12日,2019年12月20日,27
https://idol-gakuen.jp/item/61009/,冨田麻友,1993年1月25日,2020年01月31日,27
https://idol-gakuen.jp/item/61015/,前坂まなみ,1996年10月15日,2020年01月24日,23
https://idol-gakuen.jp/item/61013/,城ヶ崎優里,1998年2月28日,2020年01月24日,21
https://idol-gakuen.jp/item/61014/,小栗まり,1997年12月16日,2020年01月24日,22
https://idol-gakuen.jp/item/61012/,高杉杏,1998年7月28日,2020年01月24日,21
https://idol-gakuen.jp/item/61011/,鳥住奈央,1995年2月13日,2020年01月24日,24
https://idol-gakuen.jp/item/61010/,東雲うみ,1996年9月26日,2020年01月24日,23
https://idol-gakuen.jp/item/61953/,米倉ななか,2000年10月11日,2020年02月21日,19
https://idol-gakuen.jp/item/61956/,草川紫音,1998年3月3日,2020年02月21日,21
https://idol-gakuen.jp/item/61955/,山本有紗,1997年2月27日,2020年02月21日,22
https://idol-gakuen.jp/item/61951/,ももせもも,1993年07月15日,2020年02月21日,26
https://idol-gakuen.jp/item/61950/,小湊優香,1994年10月28日,2020年02月21日,25
https://idol-gakuen.jp/item/61949/,西葉瑞希,1999年4月27日,2020年02月21日,20
https://idol-gakuen.jp/item/61952/,雨宮留菜,1993年7月14日,2020年02月21日,26
https://idol-gakuen.jp/item/62848/,咲村良子,1995年10月20日,2020年03月21日,24
https://idol-gakuen.jp/item/62846/,白瀬由衣,1994年1月13日,2020年03月21日,26
https://idol-gakuen.jp/item/62849/,南なこ,1997年8月16日,2020年03月21日,22
https://idol-gakuen.jp/item/62845/,白谷みこ,1997年8月4日,2020年03月21日,22
https://idol-gakuen.jp/item/62843/,桜井木穂,1998年5月31日,2020年03月21日,21
https://idol-gakuen.jp/item/63672/,宮崎華帆,1994年9月28日,2020年04月24日,25
https://idol-gakuen.jp/item/63669/,安位薫,1999年12月1日,2020年04月24日,20
https://idol-gakuen.jp/item/63668/,鶴巻星奈,1998年10月18日,2020年04月24日,21
https://idol-gakuen.jp/item/63667/,和地つかさ,1993年5月13日,2020年04月24日,26
https://idol-gakuen.jp/item/64396/,櫻莉々子,1996年5月29日,2020年05月22日,23
https://idol-gakuen.jp/item/64395/,星川沙羅,1999年3月21日,2020年05月22日,21
https://idol-gakuen.jp/item/64392/,船岡咲,1993年3月2日,2020年05月22日,27
https://idol-gakuen.jp/item/64393/,村上りいな,1994年11月26日,2020年05月22日,25
https://idol-gakuen.jp/item/64391/,小日向ななせ,1996年1月28日,2020年05月22日,24
https://idol-gakuen.jp/item/64394/,西本ヒカル,1999年12月31日,2020年05月22日,20
https://idol-gakuen.jp/item/64390/,緒方咲,1994年10月7日,2020年05月22日,25
https://idol-gakuen.jp/item/64932/,涼原あす菜,1997年5月27日,2020年06月26日,23
https://idol-gakuen.jp/item/64926/,山岸楓,1999年1月7日,2020年06月26日,21
https://idol-gakuen.jp/item/64929/,絃花みき,1995年8月14日,2020年06月26日,24
https://idol-gakuen.jp/item/64928/,あべみほ,1988年1月10日,2020年06月26日,32
https://idol-gakuen.jp/item/65654/,池田レイ,2000年1月16日,2020年07月25日,20
https://idol-gakuen.jp/item/65653/,四宮由貴,1998年10月15日,2020年07月25日,21
https://idol-gakuen.jp/item/65651/,清瀬汐希,1997年2月25日,2020年07月25日,23
https://idol-gakuen.jp/item/65656/,夏来唯,1994年1月16日,2020年07月25日,26
https://idol-gakuen.jp/item/65650/,松嶋えいみ,1992年4月7日,2020年07月25日,28
https://idol-gakuen.jp/item/66377/,佐藤まりな,1999年1月26日,2020年08月21日,21
https://idol-gakuen.jp/item/66375/,林田百加,2000年9月14日,2020年08月21日,19
https://idol-gakuen.jp/item/66374/,草野綾,1994年4月23日,2020年08月21日,26
https://idol-gakuen.jp/item/66373/,葉月つばさ,1998年6月16日,2020年08月21日,22
https://idol-gakuen.jp/item/66372/,橋本梨菜,1993年9月13日,2020年08月21日,26
https://idol-gakuen.jp/item/67197/,秦瑞穂,1989年11月17日,2020年09月25日,30
https://idol-gakuen.jp/item/67196/,柊木里音,1992年11月15日,2020年09月25日,27
https://idol-gakuen.jp/item/67193/,薄井しお里,1990年5月28日,2020年09月25日,30
https://idol-gakuen.jp/item/67194/,爽香,1994年11月25日,2020年09月25日,25
https://idol-gakuen.jp/item/67195/,橋本ひかり,1998年1月8日,2020年09月25日,22
https://idol-gakuen.jp/item/67192/,桐山瑠衣,1991年1月15日,2020年09月25日,29
https://idol-gakuen.jp/item/67803/,鹿,1996年10月10日,2020年10月23日,24
https://idol-gakuen.jp/item/67801/,江藤彩也香,1997年9月9日,2020年10月23日,23
https://idol-gakuen.jp/item/67804/,桜田なな,1998年5月20日,2020年10月23日,22
https://idol-gakuen.jp/item/67802/,西永彩奈,1996年1月18日,2020年10月23日,24
https://idol-gakuen.jp/item/68489/,青科まき,1997年1月7日,2020年11月20日,23
https://idol-gakuen.jp/item/68491/,那珂川もこ,1996年5月8日,2020年11月20日,24
https://idol-gakuen.jp/item/68488/,澤山璃奈,1988年10月13日,2020年11月20日,32
https://idol-gakuen.jp/item/68493/,泉玲菜,1996年2月14日,2020年11月20日,24
https://idol-gakuen.jp/item/69068/,大江翔萌美,1989年6月15日,2020年12月23日,31
https://idol-gakuen.jp/item/69067/,白石みずほ,1991年9月11日,2020年12月23日,29
https://idol-gakuen.jp/item/69066/,佐々木萌香,1997年11月22日,2020年12月23日,23
https://idol-gakuen.jp/item/69064/,塩地美澄,1982年6月26日,2020年12月23日,38
https://idol-gakuen.jp/item/69045/,鶴巻星奈,1998年10月18日,2020年12月23日,22
https://idol-gakuen.jp/item/69065/,原つむぎ,1998年1月6日,2020年12月23日,22
https://idol-gakuen.jp/item/69043/,徳江かな,1998年12月13日,2020年12月23日,22
https://idol-gakuen.jp/item/69748/,及川麗,1999年4月28日,2021年01月22日,21
https://idol-gakuen.jp/item/69745/,寺前風子,2000年7月29日,2021年01月22日,20
https://idol-gakuen.jp/item/69746/,伊藤椿,1993年4月7日,2021年01月22日,27
https://idol-gakuen.jp/item/69747/,あべみほ,1988年1月10日,2021年01月22日,33
https://idol-gakuen.jp/item/69743/,中村エリカ,1990年7月12日,2021年01月22日,30
https://idol-gakuen.jp/item/69742/,平田梨奈,1998年7月16日,2021年01月22日,22
https://idol-gakuen.jp/item/69737/,来栖うさこ,1991年9月30日,2021年01月22日,29
https://idol-gakuen.jp/item/69736/,片山萌美,1990年10月1日,2021年01月22日,30
https://idol-gakuen.jp/item/70461/,ねむ部長,1996年6月14日,2021年02月26日,24
https://idol-gakuen.jp/item/70458/,湊みそら,2001年2月15日,2021年02月26日,20
https://idol-gakuen.jp/item/70460/,望月琉叶,1996年7月15日,2021年02月26日,24
https://idol-gakuen.jp/item/70459/,吉高美羽,2000年6月5日,2021年02月26日,20
https://idol-gakuen.jp/item/70452/,東雲うみ,1996年9月26日,2021年02月26日,24
https://idol-gakuen.jp/item/70450/,倉沢しえり,1999年12月24日,2021年02月26日,21
https://idol-gakuen.jp/item/70457/,犬童美乃梨,1994年5月6日,2021年02月26日,26
https://idol-gakuen.jp/item/71361/,林歩楓,2000年12月1日,2021年03月19日,20
https://idol-gakuen.jp/item/71360/,伊藤しずな,1999年5月17日,2021年03月19日,21
https://idol-gakuen.jp/item/71359/,東宮梨紗,1999年9月18日,2021年03月19日,21
https://idol-gakuen.jp/item/71350/,熊切あさ美,1980年6月9日,2021年3月19日,40
https://idol-gakuen.jp/item/71354/,山本ゆう,1998年1月19日,2021年03月19日,23
https://idol-gakuen.jp/item/71351/,葉月あや,1991年6月9日,2021年03月19日,29
https://idol-gakuen.jp/item/71352/,桜井木穂,1998年5月31日,2021年03月19日,22
https://idol-gakuen.jp/item/71349/,塩地美澄,1982年6月26日,2021年03月19日,38
https://idol-gakuen.jp/item/71358/,未梨一花,1999年2月24日,2021年03月19日,22
https://idol-gakuen.jp/item/72086/,岡本杷奈,1997年12月16日,2021年04月23日,23
https://idol-gakuen.jp/item/72085/,永富仁菜,1997年7月16日,2021年04月23日,23
https://idol-gakuen.jp/item/72084/,姫野みなみ,1997年11月10日,2021年04月23日,23
https://idol-gakuen.jp/item/72081/,七海,1993年5月27日,2021年04月23日,27
https://idol-gakuen.jp/item/72082/,中峰みあ,1997年4月10日,2021年04月23日,24
https://idol-gakuen.jp/item/72078/,京佳,1999年12月2日,2021年04月23日,21
https://idol-gakuen.jp/item/72079/,高梨瑞樹,1997年12月21日,2021年04月23日,23
https://idol-gakuen.jp/item/72946/,南里,1991年2月7日,2021年05月21日,30
https://idol-gakuen.jp/item/72944/,加藤圭,1994年5月16日,2021年05月21日,27
https://idol-gakuen.jp/item/72943/,白波瀬海来,1997年9月27日,2021年05月21日,23
https://idol-gakuen.jp/item/72942/,崎川みずき,1998年3月1日,2021年05月21日,23
https://idol-gakuen.jp/item/72941/,相良朱音,1995年12月20日,2021年05月21日,25
https://idol-gakuen.jp/item/72940/,藤乃あおい,1998年9月29日,2021年05月21日,22
https://idol-gakuen.jp/item/72939/,江藤彩也香,1997年9月9日,2021年05月21日,23
https://idol-gakuen.jp/item/72938/,沢地優佳,1975年4月8日,2021年05月21日,46
https://idol-gakuen.jp/item/73874/,舞子,2002年1月2日,2021年06月25日,19
https://idol-gakuen.jp/item/73878/,池尻愛梨,1992年10月7日,2021年06月25日,28
https://idol-gakuen.jp/item/73879/,笹岡郁未,2000年9月17日,2021年06月25日,20
https://idol-gakuen.jp/item/73877/,佐藤望美,1995年11月9日,2021年06月25日,25
https://idol-gakuen.jp/item/73875/,塩地美澄,1982年6月26日,2021年06月25日,38
https://idol-gakuen.jp/item/73873/,森咲智美,1992年8月12日,2021年06月25日,28
https://idol-gakuen.jp/item/74735/,浅海ゆづき,1996年3月21日,2021年07月21日,25
https://idol-gakuen.jp/item/74734/,なみ,1994年9月28日,2021年07月21日,26
https://idol-gakuen.jp/item/74736/,足立華,1996年5月14日,2021年07月21日,25
https://idol-gakuen.jp/item/74737/,大條美唯,2001年8月27日,2021年07月21日,19
https://idol-gakuen.jp/item/74732/,林田百加,2000年9月14日,2021年07月21日,20
https://idol-gakuen.jp/item/74731/,橋本梨菜,1993年9月13日,2021年07月21日,27
https://idol-gakuen.jp/item/74733/,小島瑠那,1994年10月31日,2021年07月21日,26
https://idol-gakuen.jp/item/75702/,緑川ちひろ,1993年6月4日,2021年08月27日,28
https://idol-gakuen.jp/item/75697/,春菜めぐみ,1994年12月3日,2021年08月27日,26
https://idol-gakuen.jp/item/75700/,百白奈央,1998年12月16日,2021年08月27日,22
https://idol-gakuen.jp/item/75699/,葉月愛梨,1994年5月7日,2021年08月27日,27
https://idol-gakuen.jp/item/75696/,霧島聖子,1991年12月8日,2021年08月27日,29
https://idol-gakuen.jp/item/75698/,サーシャ菜美,1994年12月3日,2021年08月27日,26
https://idol-gakuen.jp/item/75695/,源藤アンリ,1995年3月22日,2021年08月27日,26
https://idol-gakuen.jp/item/75694/,天木じゅん,1995年10月16日,2021年08月27日,25
https://idol-gakuen.jp/item/76709/,イ・リン,1989年12月13日,2021年09月24日,31
https://idol-gakuen.jp/item/76704/,とももともも,1996年12月2日,2021年09月24日,24
https://idol-gakuen.jp/item/76707/,春奈芽衣,1993年6月22日,2021年09月24日,28
https://idol-gakuen.jp/item/76708/,白川ゆめか,2003年3月22日,2021年09月24日,18
https://idol-gakuen.jp/item/76706/,桃月あいり,2000年4月17日,2021年09月24日,21
https://idol-gakuen.jp/item/76702/,東堂とも,1991年9月3日,2021年09月24日,30
https://idol-gakuen.jp/item/76705/,乃木結夢,1999年4月4日,2021年09月24日,22
https://idol-gakuen.jp/item/76701/,熊切あさ美,1980年6月9日,2021年09月24日,41
https://idol-gakuen.jp/item/76703/,山岸楓,1999年1月7日,2021年09月24日,22
https://idol-gakuen.jp/item/77652/,林亜佑美,1996年11月12日,2021年10月22日,24
https://idol-gakuen.jp/item/77651/,雛森つぐみ,2001年11月8日,2021年10月22日,19
https://idol-gakuen.jp/item/77646/,佐野礼奈,1994年4月10日,2021年10月22日,27
https://idol-gakuen.jp/item/77645/,野田すみれ,1999年2月8日,2021年10月22日,22
https://idol-gakuen.jp/item/77649/,日下真莉萌,1991年11月1日,2021年10月22日,29
https://idol-gakuen.jp/item/77650/,榑林里奈,1997年7月15日,2021年10月22日,24
https://idol-gakuen.jp/item/77648/,宇佐美さくら,1991年8月1日,2021年10月22日,30
https://idol-gakuen.jp/item/77647/,白川希美,1999年12月9日,2021年10月22日,21
https://idol-gakuen.jp/item/77644/,鈴原りこ,1992年6月27日,2021年10月22日,29
https://idol-gakuen.jp/item/77643/,原つむぎ,1998年1月6日,2021年10月22日,23
https://idol-gakuen.jp/item/77642/,緒方咲,1994年10月7日,2021年10月22日,27
https://idol-gakuen.jp/item/78488/,宮越虹海,1997年10月17日,2021年11月26日,24
https://idol-gakuen.jp/item/78486/,渕上ひかる,1996年11月13日,2021年11月26日,25
https://idol-gakuen.jp/item/78485/,木更かのん,2002年1月16日,2021年11月26日,19
https://idol-gakuen.jp/item/78484/,美月絢音,1997年7月16日,2021年11月26日,24
https://idol-gakuen.jp/item/78483/,日比野友香,1997年7月26日,2021年11月26日,24
https://idol-gakuen.jp/item/78482/,桜りん,1995年11月25日,2021年11月26日,26
https://idol-gakuen.jp/item/78481/,凛咲子,1998年10月6日,2021年11月26日,23
https://idol-gakuen.jp/item/78479/,御子柴かな,1997年10月25日,2021年11月26日,24
https://idol-gakuen.jp/item/78477/,橋本耀,1997年6月17日,2021年11月26日,24
https://idol-gakuen.jp/item/78480/,日向葵衣,1993年2月10日,2021年11月26日,28
https://idol-gakuen.jp/item/78487/,ましろ碧乃,1995年1月29日,2021年11月26日,26
https://idol-gakuen.jp/item/79659/,成瀬しゆ,1999年5月8日,2021年12月22日,22
https://idol-gakuen.jp/item/79655/,令子,1994年2月21日,2021年12月22日,27
https://idol-gakuen.jp/item/79656/,望月美舞,1995年7月26日,2021年12月22日,26
https://idol-gakuen.jp/item/79660/,鈴乃八雲,1993年1月13日,2021年12月22日,28
https://idol-gakuen.jp/item/79654/,村上りいな,1994年11月26日,2021年12月22日,27
https://idol-gakuen.jp/item/79658/,片岡未優,1999年2月7日,2021年12月22日,22
https://idol-gakuen.jp/item/80715/,高橋莉江,1988年11月17日,2022年01月21日,33
https://idol-gakuen.jp/item/80716/,櫻まひる,2000年3月3日,2022年01月21日,21
https://idol-gakuen.jp/item/80713/,柚乃花,1997年2月16日,2022年01月21日,24
https://idol-gakuen.jp/item/80711/,久須美亜優,1999年8月27日,2022年01月21日,22
https://idol-gakuen.jp/item/80710/,芹沢まりな,1996年10月12日,2022年01月21日,25
https://idol-gakuen.jp/item/80709/,清瀬汐希,1997年2月25日,2022年01月21日,24
https://idol-gakuen.jp/item/80714/,小鳥遊くれあ,1994年6月6日,2022年01月21日,27
https://idol-gakuen.jp/item/80712/,新井萌花,2002年9月29日,2022年01月21日,19
https://idol-gakuen.jp/item/79653/,桐山瑠衣,1991年1月15日,2022年01月21日,31
https://idol-gakuen.jp/item/80708/,柳瀬さき,1988年4月23日,2022年01月21日,33
https://idol-gakuen.jp/item/81433/,月城まゆ,1994年8月3日,2022年02月25日,27
https://idol-gakuen.jp/item/81432/,戸塚こはる,1997年8月5日,2022年02月25日,24
https://idol-gakuen.jp/item/81431/,真田まこと,1994年12月28日,2022年02月25日,27
https://idol-gakuen.jp/item/81438/,雫まり,1992年9月15日,2022年02月25日,29
https://idol-gakuen.jp/item/81437/,深見望乃,1999年3月16日,2022年02月25日,22
https://idol-gakuen.jp/item/81430/,愛萌なの,2001年7月7日,2022年02月25日,20
https://idol-gakuen.jp/item/81429/,山田南実,2001年3月2日,2022年02月25日,20
https://idol-gakuen.jp/item/82808/,小森あきほ,1997年10月19日,2022年03月25日,24
https://idol-gakuen.jp/item/82811/,星川沙羅,1999年3月21日,2022年03月25日,23
https://idol-gakuen.jp/item/82810/,岡田紗夜,1996年10月31日,2022年03月25日,25
https://idol-gakuen.jp/item/82807/,桃々さや,1996年1月14日,2022年03月25日,26
https://idol-gakuen.jp/item/82806/,南桃子,1996年8月31日,2022年03月25日,25
https://idol-gakuen.jp/item/82805/,神山もも,1999年9月10日,2022年03月25日,22
https://idol-gakuen.jp/item/82801/,佐々木萌香,1997年11月22日,2022年03月25日,24
https://idol-gakuen.jp/item/82800/,山田かな,1995年9月27日,2022年03月25日,26
https://idol-gakuen.jp/item/82799/,森咲智美,1992年8月12日,2022年03月25日,29
https://idol-gakuen.jp/item/83466/,新藤まなみ,1992年7月25日,2022年04月22日,29
https://idol-gakuen.jp/item/83471/,池田レイ,2000年1月16日,2022年04月22日,22
https://idol-gakuen.jp/item/83468/,永瀬永茉,1998年8月8日,2022年04月22日,23
https://idol-gakuen.jp/item/83469/,森山ちなみ,2003年8月3日,2022年04月22日,18
https://idol-gakuen.jp/item/83467/,篠見星奈,1999年9月1日,2022年04月22日,22
https://idol-gakuen.jp/item/83465/,東宮梨紗,1999年9月18日,2022年04月22日,22
https://idol-gakuen.jp/item/83464/,沖田彩華,1995年10月11日,2022年04月22日,26
https://idol-gakuen.jp/item/83463/,矢部美穂,1977年6月7日,2022年04月22日,44
https://idol-gakuen.jp/item/83457/,塩地美澄,1982年6月26日,2022年04月22日,39
https://idol-gakuen.jp/item/83458/,林田百加,2000年9月14日,2022年04月22日,21
https://idol-gakuen.jp/item/83472/,青山ひかる,1993年6月13日,2022年04月22日,28
https://idol-gakuen.jp/item/84806/,琴井ありさ,1994年1月1日,2022年05月27日,28
https://idol-gakuen.jp/item/84805/,みうららら,1992年2月29日,2022年05月27日,30
https://idol-gakuen.jp/item/84803/,高槻実穂,1991年2月14日,2022年05月27日,31
https://idol-gakuen.jp/item/84800/,中川祐子,1972年1月9日,2022年05月27日,50
https://idol-gakuen.jp/item/84807/,伊織いお,1998年8月13日,2022年05月27日,23
https://idol-gakuen.jp/item/92242/,凛咲子,1998年10月6日,2022年05月27日,23
https://idol-gakuen.jp/item/84801/,浅海ゆづき,1996年3月21日,2022年05月27日,26
https://idol-gakuen.jp/item/84799/,西田麻衣,1989年3月23日,2022年05月27日,33
https://idol-gakuen.jp/item/84798/,藤乃あおい,1998年9月29日,2022年05月27日,23
https://idol-gakuen.jp/item/85922/,工藤れみ,1992年1月28日,2022年06月24日,30
https://idol-gakuen.jp/item/85921/,只埜なつみ,1992年7月4日,2022年06月24日,29
https://idol-gakuen.jp/item/85920/,入山愛,1997年7月14日,2022年06月24日,24
https://idol-gakuen.jp/item/85919/,ミッシェル愛美,2000年9月12日,2022年06月24日,21
https://idol-gakuen.jp/item/85918/,白波瀬海来,1997年9月27日,2022年06月24日,24
https://idol-gakuen.jp/item/85916/,鈴木ゆうは,1998年5月8日,2022年06月24日,24
https://idol-gakuen.jp/item/85914/,水樹たま,1985年7月16日,2022年06月24日,36
https://idol-gakuen.jp/item/85915/,早川みゆき,1996年10月18日,2022年06月24日,25
https://idol-gakuen.jp/item/85917/,大葉めも,2002年9月14日,2022年06月24日,19
https://idol-gakuen.jp/item/86756/,我妻ゆりか,2000年5月15日,2022年07月22日,22
https://idol-gakuen.jp/item/86754/,鹿,1996年10月10日,2022年07月22日,25
https://idol-gakuen.jp/item/86751/,河地柚奈,1995年1月25日,2022年07月22日,27
https://idol-gakuen.jp/item/86752/,桑田彩,1997年1月15日,2022年07月22日,25
https://idol-gakuen.jp/item/86750/,熊切あさ美,1980年6月9日,2022年07月22日,42
https://idol-gakuen.jp/item/86747/,小日向結衣,1994年3月22日,2022年07月22日,28
https://idol-gakuen.jp/item/86748/,夏来唯,1994年1月16日,2022年07月22日,28
https://idol-gakuen.jp/item/86749/,ちとせよしの,2000年1月8日,2022年07月22日,22
https://idol-gakuen.jp/item/86746/,森咲智美,1992年8月12日,2022年07月22日,29
https://idol-gakuen.jp/item/87779/,仁井戸優,1996年3月21日,2022年08月26日,26
https://idol-gakuen.jp/item/87780/,藤岡幸恵,2000年8月11日,2022年08月26日,22
https://idol-gakuen.jp/item/87781/,花咲れあ,1997年5月3日,2022年08月26日,25
https://idol-gakuen.jp/item/87778/,塩江ゆう,1997年9月23日,2022年08月26日,24
https://idol-gakuen.jp/item/87775/,塩地美澄,1982年6月26日,2022年08月26日,40
https://idol-gakuen.jp/item/87782/,片岡未優,1999年2月7日,2022年08月26日,23
https://idol-gakuen.jp/item/87777/,市原薫,1997年5月3日,2022年08月26日,25
https://idol-gakuen.jp/item/87776/,未梨一花,1999年2月24日,2022年08月26日,23
https://idol-gakuen.jp/item/88617/,植原ゆきな,2000年1月18日,2022年09月24日,22
https://idol-gakuen.jp/item/88615/,高山みれい,1998年11月16日,2022年09月24日,23
https://idol-gakuen.jp/item/88613/,近藤里奈,1997年2月23日,2022年09月24日,25
https://idol-gakuen.jp/item/88614/,新井萌花,2002年9月29日,2022年09月24日,19
https://idol-gakuen.jp/item/88612/,柳瀬さき,1988年4月23日,2022年09月24日,34
https://idol-gakuen.jp/item/88616/,工藤唯,1999年3月6日,2022年09月24日,23
https://idol-gakuen.jp/item/88779/,涼咲巴七,1995年8月28日,2022年10月21日,27
https://idol-gakuen.jp/item/88778/,浜崎華織,2003年11月28日,2022年10月21日,18
https://idol-gakuen.jp/item/88777/,黒木マリア,1997年12月25日,2022年10月21日,24
https://idol-gakuen.jp/item/88775/,白浜さち,1996年11月25日,2022年10月21日,25
https://idol-gakuen.jp/item/88774/,水野遥香,2003年7月26日,2022年10月21日,19
https://idol-gakuen.jp/item/88773/,下村明香,1999年11月5日,2022年10月21日,22
https://idol-gakuen.jp/item/88771/,池田夏希,1987年6月24日,2022年10月21日,35
https://idol-gakuen.jp/item/88776/,堀江りほ,1994年10月11日,2022年10月21日,28
https://idol-gakuen.jp/item/88772/,宮花もも,1996年10月15日,2022年10月21日,26
https://idol-gakuen.jp/item/89887/,イ・リン,1989年12月13日,2022年11月25日,32
https://idol-gakuen.jp/item/89883/,神道あやか,1999年10月2日,2022年11月25日,23
https://idol-gakuen.jp/item/89882/,紫月なな,1998年7月17日,2022年11月25日,24
https://idol-gakuen.jp/item/89881/,マーリッシュ瑛美里,2000年8月12日,2022年11月25日,22
https://idol-gakuen.jp/item/89879/,鈴木優愛,2003年5月4日,2022年11月25日,19
https://idol-gakuen.jp/item/89877/,風吹ケイ,1999年4月5日,2022年11月25日,23
https://idol-gakuen.jp/item/90713/,早川真由,2004年3月30日,2022年12月23日,18
https://idol-gakuen.jp/item/90714/,名取くるみ,1996年6月16日,2022年12月23日,26
https://idol-gakuen.jp/item/90712/,西永彩奈,1996年1月18日,2022年12月23日,26
https://idol-gakuen.jp/item/90711/,原つむぎ,1998年1月6日,2022年12月23日,24
https://idol-gakuen.jp/item/91708/,日下部ほたる,1993年1月10日,2023年01月27日,30
https://idol-gakuen.jp/item/91707/,鳴上なごね,1997年1月2日,2023年01月27日,26
https://idol-gakuen.jp/item/91706/,夏佳しお,1999年7月24日,2023年01月27日,23
https://idol-gakuen.jp/item/91704/,稲岡志織,1998年7月29日,2023年01月27日,24
https://idol-gakuen.jp/item/91703/,比留川マイ,1995年10月3日,2023年01月27日,27
https://idol-gakuen.jp/item/91700/,佐々木ちょこ,1996年7月19日,2023年01月27日,26
https://idol-gakuen.jp/item/91698/,美澄衿依,1997年12月7日,2023年01月27日,25
https://idol-gakuen.jp/item/91697/,白波瀬海来,1997年9月27日,2023年01月27日,25
https://idol-gakuen.jp/item/91699/,肥川彩愛,1994年11月8日,2023年01月27日,28
https://idol-gakuen.jp/item/91702/,藤田いろは,1994年11月5日,2023年01月27日,28
https://idol-gakuen.jp/item/92320/,草野綾,1994年4月23日,2023年02月24日,28
https://idol-gakuen.jp/item/92319/,竹内星菜,1994年2月27日,2023年02月24日,28
https://idol-gakuen.jp/item/92321/,浅海ゆづき,1996年3月21日,2023年02月24日,26
https://idol-gakuen.jp/item/92318/,桝田なほ,1999年7月4日,2023年02月24日,23
https://idol-gakuen.jp/item/92315/,藤田芽愛,2003年10月25日,2023年02月24日,19
https://idol-gakuen.jp/item/92314/,今田希,1996年8月21日,2023年02月24日,26
https://idol-gakuen.jp/item/92312/,乙陽葵,2002年8月24日,2023年02月24日,20
https://idol-gakuen.jp/item/92311/,佐々木萌香,1997年11月22日,2023年02月24日,25
https://idol-gakuen.jp/item/92316/,石井ひなこ,1998年9月25日,2023年02月24日,24
https://idol-gakuen.jp/item/92310/,橋本梨菜,1993年9月13日,2023年02月24日,29
https://idol-gakuen.jp/item/93269/,高畑マリア,2003年12月28日,2023年03月24日,19
https://idol-gakuen.jp/item/93268/,朝野ナツ,2002年8月5日,2023年03月24日,20
https://idol-gakuen.jp/item/93266/,清水布乃花,2001年6月26日,2023年03月24日,21
https://idol-gakuen.jp/item/93265/,小日向奏音,1997年3月21日,2023年03月24日,26
https://idol-gakuen.jp/item/93263/,能美真奈,1996年6月24日,2023年03月24日,26
https://idol-gakuen.jp/item/93262/,鈴原りこ,1992年6月27日,2023年03月24日,30
https://idol-gakuen.jp/item/93264/,美輪咲月,1999年4月11日,2023年03月24日,23
https://idol-gakuen.jp/item/93261/,朝比奈祐未,1991年12月9日,2023年03月24日,31
https://idol-gakuen.jp/item/93423/,紅羽祐美,1992年9月29日,2023年04月21日,30
https://idol-gakuen.jp/item/93422/,泉もも,1995年10月8日,2023年04月21日,27
https://idol-gakuen.jp/item/93421/,戸塚咲季,1995年11月1日,2023年04月21日,27
https://idol-gakuen.jp/item/93419/,要あい,1997年8月27日,2023年04月21日,25
https://idol-gakuen.jp/item/93418/,藤原なみ,2000年2月2日,2023年04月21日,23
https://idol-gakuen.jp/item/93415/,熊田曜子,1982年5月13日,2023年04月21日,40
https://idol-gakuen.jp/item/93417/,篠見星奈,1999年9月1日,2023年04月21日,23
https://idol-gakuen.jp/item/93416/,原つむぎ,1998年1月6日,2023年04月21日,25
https://idol-gakuen.jp/item/95417/,夏崎りか,1998年7月30日,2023年05月26日,24
https://idol-gakuen.jp/item/95416/,青山泰菜,1993年10月13日,2023年05月26日,29
https://idol-gakuen.jp/item/95415/,岡里捺李,1992年10月4日,2023年05月26日,30
https://idol-gakuen.jp/item/95414/,甘妻里菜,1990年4月14日,2023年05月26日,33
https://idol-gakuen.jp/item/95413/,木南美々,1995年12月5日,2023年05月26日,27
https://idol-gakuen.jp/item/95411/,波崎天結,2000年10月18日,2023年05月26日,22
https://idol-gakuen.jp/item/95410/,下村明香,1999年11月5日,2023年05月26日,23
https://idol-gakuen.jp/item/95409/,大葉めも,2002年9月14日,2023年05月26日,20
https://idol-gakuen.jp/item/96212/,夏目みさこ,1998年10月26日,2023年06月23日,24
https://idol-gakuen.jp/item/96213/,蓬田結梨杏,1999年2月6日,2023年06月23日,24
https://idol-gakuen.jp/item/96211/,風愛ことり,1997年3月23日,2023年06月23日,26
https://idol-gakuen.jp/item/96209/,もな,2003年3月11日,2023年06月23日,20
https://idol-gakuen.jp/item/96207/,美月絢音,1997年7月16日,2023年06月23日,25
https://idol-gakuen.jp/item/96210/,西本ヒカル,1999年12月31日,2023年06月23日,23
https://idol-gakuen.jp/item/96416/,神楽坂茜,1998年11月26日,2023年07月21日,24
https://idol-gakuen.jp/item/96414/,谷まお莉,1995年1月19日,2023年07月21日,28
https://idol-gakuen.jp/item/96413/,一織ゆり,1999年11月4日,2023年07月21日,23
https://idol-gakuen.jp/item/96412/,黒島綾乃,1996年9月29日,2023年07月21日,26
https://idol-gakuen.jp/item/96410/,浅川まりな,2000年11月29日,2023年07月21日,22
https://idol-gakuen.jp/item/96411/,三葉ゆあ,2001年2月7日,2023年07月21日,22
https://idol-gakuen.jp/item/96409/,鈴木優愛,2003年5月4日,2023年07月21日,20
https://idol-gakuen.jp/item/96408/,工藤唯,1999年3月6日,2023年07月21日,24
https://idol-gakuen.jp/item/97862/,斎藤恭代,1996年4月22日,2023年08月25日,27
https://idol-gakuen.jp/item/97861/,鹿,1996年10月10日,2023年08月25日,26
https://idol-gakuen.jp/item/97860/,陽咲りゆ,2000年5月2４日,2023年08月25日,23
https://idol-gakuen.jp/item/97859/,桐生真白,2002年12月5日,2023年08月25日,20
https://idol-gakuen.jp/item/97858/,滝沢みらん,1999年8月20日,2023年08月25日,24
https://idol-gakuen.jp/item/97857/,北乃せいら,1996年5月18日,2023年08月25日,27
https://idol-gakuen.jp/item/97856/,成瀬結愛,1998年6月7日,2023年08月25日,25
https://idol-gakuen.jp/item/97855/,ぺろねこ,1998年8月3日,2023年08月25日,25
https://idol-gakuen.jp/item/97853/,大葉めも,2002年9月14日,2023年08月25日,20
https://idol-gakuen.jp/item/98848/,波妃美咲,1996年6月3日,2023年09月22日,27
https://idol-gakuen.jp/item/98847/,鳥住奈央,1995年2月13日,2023年09月22日,28
https://idol-gakuen.jp/item/98846/,小森あきほ,1997年10月19日,2023年09月22日,25
https://idol-gakuen.jp/item/98843/,村雨芙美,2000年7月11日,2023年09月22日,23
https://idol-gakuen.jp/item/98841/,高橋かの,2001年8月25日,2023年09月22日,22
https://idol-gakuen.jp/item/98844/,河合はるか,2003年6月3日,2023年09月22日,20
https://idol-gakuen.jp/item/98840/,江里口さよ,1998年3月29日,2023年09月22日,25
https://idol-gakuen.jp/item/98839/,伊村要,2004年2月9日,2023年09月22日,19
https://idol-gakuen.jp/item/99856/,朝霧ましろ,2005年2月20日,2023年10月27日,18
https://idol-gakuen.jp/item/99855/,佐藤美桜菜,2002年4月20日,2023年10月27日,21
https://idol-gakuen.jp/item/99854/,浅倉れいか,2004年9月21日,2023年10月27日,19
https://idol-gakuen.jp/item/99853/,瀬戸真凜,1997年11月24日,2023年10月27日,25
https://idol-gakuen.jp/item/99852/,相原美咲,1995年3月27日,2023年10月27日,28
https://idol-gakuen.jp/item/99850/,日向葵衣,1993年2月10日,2023年10月27日,30
https://idol-gakuen.jp/item/99849/,緒方咲,1994年10月7日,2023年10月27日,29
https://idol-gakuen.jp/item/100136/,篠塚みあ,2005年1月17日,2023年11月24日,18
https://idol-gakuen.jp/item/100134/,栗原もみじ,1996年9月29日,2023年11月24日,27
https://idol-gakuen.jp/item/100133/,日向端しおん,1997年8月14日,2023年11月24日,26
https://idol-gakuen.jp/item/100131/,松岡凛,1996年12月14日,2023年11月24日,26
https://idol-gakuen.jp/item/100128/,広田望愛,2005年3月18日,2023年11月24日,18
https://idol-gakuen.jp/item/100129/,そちお,1999年4月11日,2023年11月24日,24
https://idol-gakuen.jp/item/100132/,爽香,1994年11月25日,2023年11月24日,28
https://idol-gakuen.jp/item/100130/,雨宮留菜,1993年7月14日,2023年11月24日,30
https://idol-gakuen.jp/item/100127/,桜井木穂,1998年5月31日,2023年11月24日,25
https://idol-gakuen.jp/item/100985/,伊織みあ,2003年8月14日,2023年12月22日,20
https://idol-gakuen.jp/item/100984/,桜羽のえ,2005年3月2日,2023年12月22日,18
https://idol-gakuen.jp/item/100983/,中野愛音,2002年6月27日,2023年12月22日,21
https://idol-gakuen.jp/item/100979/,白波瀬海来,1997年9月27日,2023年12月22日,26
https://idol-gakuen.jp/item/100981/,林凛,1997年9月20日,2023年12月22日,26
https://idol-gakuen.jp/item/100980/,山本ゆう,1998年1月19日,2023年12月22日,25
https://idol-gakuen.jp/item/100978/,林田百加,2000年9月14日,2023年12月22日,23
https://idol-gakuen.jp/item/100986/,藤田いろは,1994年11月5日,2023年12月22日,29
https://idol-gakuen.jp/item/100982/,白川愛梨,1999年3月16日,2023年12月22日,24
https://idol-gakuen.jp/item/100977/,夏来唯,1994年1月16日,2023年12月22日,29
https://idol-gakuen.jp/item/101834/,空峰凛,1997年6月12日,2024年01月26日,26
https://idol-gakuen.jp/item/101833/,福永まや,1999年6月16日,2024年01月26日,24
https://idol-gakuen.jp/item/101830/,白浜さち,1996年11月25日,2024年01月26日,27
https://idol-gakuen.jp/item/101826/,比留川マイ,1995年10月3日,2024年01月26日,28
https://idol-gakuen.jp/item/101829/,永瀬永茉,1998年8月8日,2024年01月26日,25
https://idol-gakuen.jp/item/101825/,朝野ナツ,2002年8月5日,2024年01月26日,21
https://idol-gakuen.jp/item/101831/,乃木結夢,1999年4月4日,2024年01月26日,24
https://idol-gakuen.jp/item/101828/,能美真奈,1996年6月24日,2024年01月26日,27
https://idol-gakuen.jp/item/102674/,吉瀬結,1994年6月21日,2024年02月24日,29
https://idol-gakuen.jp/item/102672/,宇美野ちの,1995年5月8日,2024年02月24日,28
https://idol-gakuen.jp/item/102673/,藤川めい,1998年9月22日,2024年02月24日,25
https://idol-gakuen.jp/item/102669/,村上りいな,1994年11月26日,2024年02月24日,29
https://idol-gakuen.jp/item/102668/,佐々木萌香,1997年11月22日,2024年02月24日,26
https://idol-gakuen.jp/item/102671/,花咲楓香,2001年9月30日,2024年02月24日,22
https://idol-gakuen.jp/item/102670/,篠見星奈,1999年9月1日,2024年02月24日,24
https://idol-gakuen.jp/item/102965/,宮田みほ,1995年11月16日,2024年03月22日,28
https://idol-gakuen.jp/item/102964/,小嶋明梨,2003年5月17日,2024年03月22日,20
https://idol-gakuen.jp/item/102963/,清流あゆ,1997年5月13日,2024年03月22日,26
https://idol-gakuen.jp/item/102962/,真木しおり,2000年6月16日,2024年03月22日,23
https://idol-gakuen.jp/item/102961/,白波瀬海来,1997年9月27日,2024年03月22日,26
https://idol-gakuen.jp/item/102960/,雅楽代りか,1997年6月14日,2024年03月22日,26
https://idol-gakuen.jp/item/102959/,花井美理,1984年10月15日,2024年03月22日,39
https://idol-gakuen.jp/item/103286/,菜本みくる,1999年11月16日,2024年04月26日,24
https://idol-gakuen.jp/item/103283/,潮崎まりん,1999年3月9日,2024年04月26日,25
https://idol-gakuen.jp/item/103282/,城咲れい,1996年12月28日,2024年04月26日,27
https://idol-gakuen.jp/item/103281/,三島ゆう,1989年5月10日,2024年04月26日,34
https://idol-gakuen.jp/item/103279/,船岡咲,1993年3月2日,2024年04月26日,31
https://idol-gakuen.jp/item/103280/,愛沢雪乃,1998年1月6日,2024年04月26日,26
https://idol-gakuen.jp/item/103287/,一ノ瀬まりん,2002年1月1日,2024年04月26日,22
https://idol-gakuen.jp/item/103276/,林田百加,2000年9月14日,2024年04月26日,23
https://idol-gakuen.jp/item/103574/,塔乃花鈴,2004年3月15日,2024年05月24日,20
https://idol-gakuen.jp/item/103573/,大園みゆう,1999年9月16日,2024年05月24日,24
https://idol-gakuen.jp/item/103572/,天月愛,1995年1月2日,2024年05月24日,29
https://idol-gakuen.jp/item/103570/,瀬長りり,2000年12月26日,2024年05月24日,23
https://idol-gakuen.jp/item/103569/,板野優花,1993年9月5日,2024年05月24日,30
https://idol-gakuen.jp/item/103565/,真田まこと,1994年12月28日,2024年05月24日,29
https://idol-gakuen.jp/item/103870/,秦瑞穂,1989年11月17日,2024年06月21日,34
https://idol-gakuen.jp/item/103869/,森脇芹渚,1995年4月29日,2024年06月21日,29
https://idol-gakuen.jp/item/103868/,高橋かの,2001年8月25日,2024年06月21日,22
https://idol-gakuen.jp/item/103867/,須能咲良,2002年3月29日,2024年06月21日,22
https://idol-gakuen.jp/item/103866/,入間ゆい,2005年7月12日,2024年06月21日,18
https://idol-gakuen.jp/item/103865/,山下凛,1997年1月8日,2024年06月21日,27
https://idol-gakuen.jp/item/103863/,あいざわさちこ,2000年11月13日,2024年06月21日,23
https://idol-gakuen.jp/item/103864/,浅川まりな,2000年11月29日,2024年06月21日,23
https://idol-gakuen.jp/item/103862/,朝比奈祐未,1991年12月9日,2024年06月21日,32
https://idol-gakuen.jp/item/103861/,柳瀬さき,1988年4月23日,2024年06月21日,36
https://idol-gakuen.jp/item/104048/,とっぽ,1999年5月1日,2024年07月26日,25
https://idol-gakuen.jp/item/104046/,司馬わかな,1990年8月3日,2024年07月26日,33
https://idol-gakuen.jp/item/104045/,みのん,2005年12月2日,2024年07月26日,18
https://idol-gakuen.jp/item/104043/,朝日はる,2003年7月4日,2024年07月26日,21
https://idol-gakuen.jp/item/104042/,満島あすか,1995年1月11日,2024年07月26日,29
https://idol-gakuen.jp/item/104041/,深海永理,1994年12月21日,2024年07月26日,29
https://idol-gakuen.jp/item/104040/,榊原明日美,2000年5月31日,2024年07月26日,24
https://idol-gakuen.jp/item/104039/,星野琴,2003年10月23日,2024年07月26日,20
https://idol-gakuen.jp/item/104038/,有川燈莉,2002年6月24日,2024年07月26日,22
https://idol-gakuen.jp/item/104037/,村雨芙美,2000年7月11日,2024年07月26日,24
https://idol-gakuen.jp/item/104036/,やしろじゅり。,2003年12月9日,2024年07月26日,20
https://idol-gakuen.jp/item/104035/,後藤まつり,2002年7月29日,2024年07月26日,21
https://idol-gakuen.jp/item/104411/,東村らむ,2003年11月23日,2024年08月30日,20
https://idol-gakuen.jp/item/104410/,百瀬心美,2004年12月16日,2024年08月30日,19
https://idol-gakuen.jp/item/104407/,大田樹里,1995年8月20日,2024年08月30日,29
https://idol-gakuen.jp/item/104406/,桜庭みゅう,2001年7月4日,2024年08月30日,23
https://idol-gakuen.jp/item/104405/,missha,1994年1月16日,2024年08月30日,30
https://idol-gakuen.jp/item/104401/,藤原ナミ,2000年2月2日,2024年08月30日,24
https://idol-gakuen.jp/item/104400/,佐野なぎさ,2000年6月7日,2024年08月30日,24
https://idol-gakuen.jp/item/104398/,白川のぞみ,1999年12月9日,2024年08月30日,24
https://idol-gakuen.jp/item/104396/,相原美咲,1995年3月27日,2024年08月30日,29
https://idol-gakuen.jp/item/104730/,華本ミココ,1997年6月13日,2024年09月27日,27
https://idol-gakuen.jp/item/104728/,千歳ゆず,2005年10月27日,2024年09月27日,18
https://idol-gakuen.jp/item/104725/,瀬名葵,2001年4月19日,2024年09月27日,23
https://idol-gakuen.jp/item/104721/,平塚奈菜,1985年3月25日,2024年09月27日,39
https://idol-gakuen.jp/item/104724/,茜紬うた,1996年6月24日,2024年09月27日,28
https://idol-gakuen.jp/item/104731/,風愛ことり,1997年3月23日,2024年09月27日,27
https://idol-gakuen.jp/item/104723/,夏佳しお,1999年7月24日,2024年09月27日,25
https://idol-gakuen.jp/item/104722/,白川愛梨,1999年3月16日,2024年09月27日,25
https://idol-gakuen.jp/item/104726/,もものすけ,2001年10月20日,2024年09月27日,22
https://idol-gakuen.jp/item/104720/,瀬戸真凜,1997年11月24日,2024年09月27日,26
https://idol-gakuen.jp/item/105078/,結城月,1996年9月11日,2024年10月25日,28
https://idol-gakuen.jp/item/105077/,樹智子,1993年4月13日,2024年10月25日,31
https://idol-gakuen.jp/item/105072/,碧海りな,2000年6月8日,2024年10月25日,24
https://idol-gakuen.jp/item/105080/,神代りか,2001年10月6日,2024年10月25日,23
https://idol-gakuen.jp/item/105076/,椚マイカ,1996年6月22日,2024年10月25日,28
https://idol-gakuen.jp/item/105081/,椎名あき,1995年2月8日,2024年10月25日,29
https://idol-gakuen.jp/item/105075/,西永彩奈,1996年1月18日,2024年10月25日,28
https://idol-gakuen.jp/item/105073/,佐々木萌香,1997年11月22日,2024年10月25日,26
https://idol-gakuen.jp/item/105074/,ちとせよしの,2000年1月8日,2024年10月25日,24
https://idol-gakuen.jp/item/105717/,姫乃そら,1999年1月19日,2024年11月22日,25
https://idol-gakuen.jp/item/105716/,桜井萌衣,1997年6月30日,2024年11月22日,27
https://idol-gakuen.jp/item/105714/,椿木りさこ,1996年9月22日,2024年11月22日,28
https://idol-gakuen.jp/item/105713/,辰巳シーナ,1993年3月14日,2024年11月22日,31
https://idol-gakuen.jp/item/105708/,熊田曜子,1982年5月13日,2024年11月22日,42
https://idol-gakuen.jp/item/105712/,鈴木優愛,2003年5月4日,2024年11月22日,21
https://idol-gakuen.jp/item/105711/,藤川めい,1998年9月22日,2024年11月22日,26
https://idol-gakuen.jp/item/105710/,天野ちよ,1994年9月7日,2024年11月22日,30
https://idol-gakuen.jp/item/105709/,佐野なぎさ,2000年6月7日,2024年11月22日,24
https://idol-gakuen.jp/item/107138/,空峰凛,1997年6月12日,2025年03月21日,27
https://idol-gakuen.jp/item/107137/,南えみり,1996年7月1日,2025年03月21日,28
https://idol-gakuen.jp/item/107136/,笹井絢乃,1992年6月4日,2025年03月21日,32
https://idol-gakuen.jp/item/107134/,楠エマ,1999年7月4日,2025年03月21日,25
https://idol-gakuen.jp/item/107133/,一詠,1995年5月5日,2025年03月21日,29
https://idol-gakuen.jp/item/107135/,上瀬ももな,2000年3月16日,2025年03月21日,25
https://idol-gakuen.jp/item/107132/,白波瀬もも,1999年4月19日,2025年03月21日,25
https://idol-gakuen.jp/item/107131/,小湊優香,1994年10月28日,2025年03月21日,30
https://idol-gakuen.jp/item/107129/,佐々木優佳里,1995年8月28日,2025年03月21日,29
https://idol-gakuen.jp/item/107128/,夏来唯,1994年1月16日,2025年03月21日,31
https://idol-gakuen.jp/item/106025/,蒼山みこと,1999年9月17日,2024年12月20日,25
https://idol-gakuen.jp/item/106024/,南ナナ,1999年8月25日,2024年12月20日,25
https://idol-gakuen.jp/item/106018/,白波瀬海来,1997年9月27日,2024年12月20日,27
https://idol-gakuen.jp/item/106017/,芹沢まりな,1996年10月12日,2024年12月20日,28
https://idol-gakuen.jp/item/106021/,桜木美緒,2000年10月24日,2024年12月20日,24
https://idol-gakuen.jp/item/106016/,爽香,1994年11月25日,2024年12月20日,30
https://idol-gakuen.jp/item/106261/,やままあゆ,1999年10月14日,2025年01月24日,25
https://idol-gakuen.jp/item/106263/,りさありさ,1999年10月14日,2025年01月24日,25
https://idol-gakuen.jp/item/106259/,伊村要,2004年2月9日,2025年01月24日,20
https://idol-gakuen.jp/item/106262/,雛岡まふゆ,2004年6月3日,2025年01月24日,20
https://idol-gakuen.jp/item/106257/,木南美々,1995年12月5日,2025年01月24日,29
https://idol-gakuen.jp/item/106260/,音羽美奈,1998年10月10日,2025年01月24日,26
https://idol-gakuen.jp/item/106255/,咲村良子,1995年10月20日,2025年01月24日,29
https://idol-gakuen.jp/item/106264/,岡村さちえ,1991年11月14日,2025年01月24日,33
https://idol-gakuen.jp/item/106256/,比留川マイ,1995年10月3日,2025年01月24日,29
https://idol-gakuen.jp/item/106253/,原つむぎ,1998年1月6日,2025年01月24日,27
https://idol-gakuen.jp/item/106468/,桃萌愛,1997年12月25日,2025年02月21日,27
https://idol-gakuen.jp/item/106465/,松島凪沙,1998年8月13日,2025年02月21日,26
https://idol-gakuen.jp/item/106464/,大空愛,1998年8月29日,2025年02月21日,26
https://idol-gakuen.jp/item/106467/,江里口さよ,1998年3月29日,2025年02月21日,26
https://idol-gakuen.jp/item/106463/,日夏カノ,2000年9月13日,2025年02月21日,24
https://idol-gakuen.jp/item/106461/,宮川みやび,1999年4月15日,2025年02月21日,25
https://idol-gakuen.jp/item/106459/,星野琴,2003年10月23日,2025年02月21日,21
